policy,cost_profile,run_id,start_date,end_date,universe_count,total_return,annual_return,max_drawdown,sharpe,sortino,calmar,trade_count,reject_count,buy_count,sell_count,win_rate,profit_factor,avg_holding_days,total_cost,final_positions,unique_traded_symbols,star_traded_symbols,chinext_traded_symbols,dev_2020_2023_return,dev_2020_2023_max_drawdown,validation_2024_return,validation_2024_max_drawdown,oos_2025_2026_return,oos_2025_2026_max_drawdown
entry_d1_close,fee085_stamp5_slippage10bp,20260928_132906_event_good_bad_epoch018_entry_d1_close_no_star_fee085_stamp5_slippage10bp,2020-01-02,2026-07-10,4502,-0.9425062313841593,-0.35456328224997213,-0.9523640756368732,-1.4950429614963818,-2.2000105464174005,-0.3722980437002157,13368,414,6684,6684,0.4287851585876721,0.8287084103499056,1.5981448234590065,15819313.05404348,0,2003,0,799,-0.8390468061692024,-0.8638100246722129,-0.3836822025787362,-0.4073566306802687,-0.42041589184840333,-0.4478096646221805
entry_d1_close,fee085_stamp5_zero_slippage,20260928_132911_event_good_bad_epoch018_entry_d1_close_no_star_fee085_stamp5_zero_slippage,2020-01-02,2026-07-10,4502,-0.7806923200634526,-0.2075249936033976,-0.8265013383200533,-0.8745763595035153,-1.2998019736395168,-0.2510885149021209,13368,414,6684,6684,0.44943147815679235,0.9018448969925469,1.5981448234590065,24025433.956728213,0,2003,0,799,-0.6358726560488721,-0.7044714372752494,-0.24281785679536927,-0.32308279113296423,-0.20457326506927132,-0.25813111575117786
entry_d1_close,no_cost,20260928_132908_event_good_bad_epoch018_entry_d1_close_no_star_no_cost,2020-01-02,2026-07-10,4502,-0.6565416205496788,-0.15111096276126423,-0.7386682459344935,-0.6368887933061096,-0.9495366426211997,-0.204572165641279,13368,414,6684,6684,0.4540694195092759,0.9289082447862802,1.5981448234590065,0.0,0,2003,0,799,-0.5214946946030855,-0.616967120922089,-0.18870459865867295,-0.29288472308368396,-0.11527490760894854,-0.22168071014307034
entry_d2_open,fee085_stamp5_slippage10bp,20260928_132914_event_good_bad_epoch018_entry_d2_open_no_star_fee085_stamp5_slippage10bp,2020-01-02,2026-07-10,4502,0.4618007686832859,0.059929191853943964,-0.5291147806688776,0.15380635687729138,0.2325207152435025,0.11326312180919383,13751,211,6878,6873,0.4503128182744071,1.0178111010787596,1.6142877928124546,62226865.94182357,5,2021,0,801,0.32766592836111896,-0.42583655634176887,0.15490820822856755,-0.3428576442693596,-0.04665101672463101,-0.348573693334009
entry_d2_open,fee085_stamp5_zero_slippage,20260928_132914_event_good_bad_epoch018_entry_d2_open_no_star_fee085_stamp5_zero_slippage,2020-01-02,2026-07-10,4502,4.789778440456717,0.3089219113442543,-0.3512049469985692,0.7930381741795945,1.2067779733681898,0.8796058084726034,13751,211,6878,6873,0.4620980648916048,1.0878531795406443,1.6142877928124546,136450285.42782304,5,2021,0,801,2.0726991517450064,-0.29842247677374556,0.4270718154338544,-0.31150850921965845,0.3203712984051723,-0.3098205889836212
entry_d2_open,no_cost,20260928_132908_event_good_bad_epoch018_entry_d2_open_no_star_no_cost,2020-01-02,2026-07-10,4502,8.178089375956477,0.4047109672248863,-0.32087133213062247,1.0389700328952443,1.5832523931719034,1.2612873968439593,13751,211,6878,6873,0.4641350210970464,1.1133875120991032,1.6142877928124546,0.0,5,2021,0,801,3.0691159695957895,-0.2907779968529228,0.5317896384946861,-0.3006859041933174,0.47249248713155434,-0.2978062352058034
entry_gap_flat,fee085_stamp5_slippage10bp,20260928_132901_event_good_bad_epoch018_entry_gap_flat_no_star_fee085_stamp5_slippage10bp,2020-01-02,2026-07-10,4502,2.0353975499101966,0.18555626495781108,-0.3386072873784727,0.6937624866846684,1.1729071985855084,0.5479984391192639,9432,65,4716,4716,0.45631891433418154,1.0834351639812658,1.5799406276505512,64971270.89171298,0,1751,0,728,0.8365536535501441,-0.2695275813103364,0.5548680264543415,-0.19681622164934953,0.06296368053438273,-0.18641380065527413
entry_gap_flat,fee085_stamp5_zero_slippage,20260928_132858_event_good_bad_epoch018_entry_gap_flat_no_star_fee085_stamp5_zero_slippage,2020-01-02,2026-07-10,4502,6.799059030393057,0.37008444433404786,-0.27443758626865866,1.383458111395052,2.366408147344716,1.3485195281223483,9432,65,4716,4716,0.4675572519083969,1.161817894956014,1.5799406276505512,116872079.78127198,0,1751,0,728,2.2537553734473743,-0.22421662761118877,0.7875217427331886,-0.1856028565903518,0.3409295952215048,-0.16529051400882744
entry_gap_flat,no_cost,20260928_133015_event_good_bad_epoch018_entry_gap_flat_no_star_no_cost,2020-01-02,2026-07-10,4502,9.69955431234324,0.4381315166184776,-0.2516329694096858,1.6377771098696816,2.8123994949666336,1.7411530676854665,9432,65,4716,4716,0.46904156064461405,1.1896620227749235,1.5799406276505512,0.0,0,1751,0,728,2.940596242716074,-0.20851556889370337,0.8731107906363185,-0.18186214419615188,0.4495736401273638,-0.15943001023851155
entry_gap_high,fee085_stamp5_slippage10bp,20260928_132946_event_good_bad_epoch018_entry_gap_high_no_star_fee085_stamp5_slippage10bp,2020-01-02,2026-07-10,4502,-0.06161109396277653,-0.009700914859634313,-0.33158213550611393,-0.06772450561809067,-0.0904586454131896,-0.029256446053184434,1926,44,963,963,0.4485981308411215,0.9852659748448702,1.7476635514018692,6709582.79470107,0,653,0,273,-0.0008442828884567266,-0.2693775453785502,0.03588588874041054,-0.11539296117090658,-0.0933539578023449,-0.19117446297157947
entry_gap_high,fee085_stamp5_zero_slippage,20260928_132950_event_good_bad_epoch018_entry_gap_high_no_star_fee085_stamp5_zero_slippage,2020-01-02,2026-07-10,4502,0.13771178442786702,0.01997510797956159,-0.2533015044602074,0.13940377670808873,0.18737098171174366,0.07885901831546206,1926,44,963,963,0.4569055036344756,1.0306850179967144,1.7476635514018692,7394696.768142048,0,653,0,273,0.12391983153020525,-0.22888827970122616,0.06585971583583072,-0.10815056414245583,-0.050277179136308026,-0.17577590887823435
entry_gap_high,no_cost,20260928_132954_event_good_bad_epoch018_entry_gap_high_no_star_no_cost,2020-01-02,2026-07-10,4502,0.2134711903300286,0.030104916818249894,-0.22713979205034818,0.21006600309410728,0.2830351783397054,0.13253915813912864,1926,44,963,963,0.4569055036344756,1.046414969395107,1.7476635514018692,0.0,0,653,0,273,0.16911044384646412,-0.21488846256577276,0.0761473456552304,-0.10573108062714276,-0.035500091015964075,-0.17064936619348559
entry_gap_low,fee085_stamp5_slippage10bp,20260928_133003_event_good_bad_epoch018_entry_gap_low_no_star_fee085_stamp5_slippage10bp,2020-01-02,2026-07-10,4502,0.9652875000058565,0.10912710880036891,-0.2594189496610366,0.6669755076515952,0.9523299178029372,0.4206597434110236,3244,72,1622,1622,0.46732429099876693,1.1388105872916638,1.6288532675709002,15258278.242489284,0,889,0,417,0.4506856947374258,-0.2594189496610366,0.2030341003781866,-0.1284587495166768,0.1260944697928399,-0.07444189061061612
entry_gap_low,fee085_stamp5_zero_slippage,20260928_133005_event_good_bad_epoch018_entry_gap_low_no_star_fee085_stamp5_zero_slippage,2020-01-02,2026-07-10,4502,1.7209080169797297,0.16584362422034316,-0.2256018217988891,1.0139186201499368,1.4601917614451252,0.7351165114623192,3244,72,1622,1622,0.4784217016029593,1.2139214183435567,1.6288532675709002,18327364.432992786,0,889,0,417,0.7815809416270265,-0.2256018217988891,0.2731131945511529,-0.1190468001392152,0.19961332974882118,-0.0711720714604046
entry_gap_low,no_cost,20260928_133007_event_good_bad_epoch018_entry_gap_low_no_star_no_cost,2020-01-02,2026-07-10,4502,2.0351433047257066,0.18554104167918406,-0.21397116679574413,1.1345451247706055,1.6381871079136348,0.8671310460081786,3244,72,1622,1622,0.4790382244143033,1.2404208530225653,1.6288532675709002,0.0,0,889,0,417,0.9087573132104874,-0.21397116679574413,0.29755870646264637,-0.11599042591830977,0.22546657734948927,-0.07020588366012781
entry_no_deep_low,fee085_stamp5_slippage10bp,20260928_133038_event_good_bad_epoch018_entry_no_deep_low_no_star_fee085_stamp5_slippage10bp,2020-01-02,2026-07-10,4502,1.2329582857405645,0.13105136412578955,-0.4858102287809599,0.41086710327851794,0.6958437471877922,0.2697583466997716,11050,102,5525,5525,0.45429864253393665,1.0447057808521434,1.6056108597285068,66501216.27986213,0,1875,0,754,0.5204112546528616,-0.37138858759072013,0.5600000272601748,-0.23838405077219438,-0.05855505403075678,-0.22774750396555132
entry_no_deep_low,fee085_stamp5_zero_slippage,20260928_133102_event_good_bad_epoch018_entry_no_deep_low_no_star_fee085_stamp5_zero_slippage,2020-01-02,2026-07-10,4502,5.740571986609211,0.3397898126243091,-0.37139792526674664,1.065069426806906,1.8195251821596312,0.9148942132088221,11050,102,5525,5525,0.465158371040724,1.1119251240422774,1.6056108597285068,128963337.5615502,0,1875,0,754,1.9692924978897435,-0.2633499015174704,0.8380023598116468,-0.22614820284753534,0.23508744066697318,-0.18140477875385708
entry_no_deep_low,no_cost,20260928_133111_event_good_bad_epoch018_entry_no_deep_low_no_star_no_cost,2020-01-02,2026-07-10,4502,8.760652908377589,0.41802561843313124,-0.34885534607788804,1.3103031646801757,2.246125757148313,1.198277805207548,11050,102,5525,5525,0.4664253393665158,1.1360036857184947,1.6056108597285068,0.0,0,1875,0,754,2.7155602590818404,-0.25554788440157017,0.9419381956255337,-0.2220590613799185,0.3527550267866526,-0.17865399035550633
entry_no_high_gap,fee085_stamp5_slippage10bp,20260928_133122_event_good_bad_epoch018_entry_no_high_gap_no_star_fee085_stamp5_slippage10bp,2020-01-02,2026-07-10,4502,3.082535251889757,0.24066259063446416,-0.3601820543415397,0.7173511138799413,1.1560312334850238,0.6681692986465612,12228,133,6114,6114,0.45665685312397775,1.0789314489222879,1.5894667975139025,98892488.20906857,0,1932,0,784,1.0654966637323593,-0.3601820543415397,0.7596879889651735,-0.26845212367577953,0.12323279731022496,-0.20272794235817904
entry_no_high_gap,fee085_stamp5_zero_slippage,20260928_133128_event_good_bad_epoch018_entry_no_high_gap_no_star_fee085_stamp5_zero_slippage,2020-01-02,2026-07-10,4502,12.886875975031991,0.496779324220622,-0.30558504978356815,1.4813164293272862,2.4062264057404885,1.6256663229188337,12228,133,6114,6114,0.46794242721622503,1.1563906667827595,1.5894667975139025,218310461.59381235,0,1932,0,784,3.358988552294946,-0.30558504978356815,1.1284415679424389,-0.23521427119545357,0.49677698384061464,-0.19069776324352194
entry_no_high_gap,no_cost,20260928_133134_event_good_bad_epoch018_entry_no_high_gap_no_star_no_cost,2020-01-02,2026-07-10,4502,19.92964297853768,0.5939281389121669,-0.28633692789389664,1.7710853581994561,2.8882055438194416,2.0742282292427525,12228,133,6114,6114,0.46925089957474647,1.1840183199334993,1.5894667975139025,0.0,0,1932,0,784,4.597938331005395,-0.28633692789389664,1.268603290673116,-0.22438228310986474,0.6480680975805089,-0.18708410494462446
fixed_h2,fee085_stamp5_slippage10bp,20260928_133131_event_good_bad_epoch018_fixed_h2_no_star_fee085_stamp5_slippage10bp,2020-01-02,2026-07-10,4502,0.22062852571343994,0.031034000767512948,-0.5875694321668904,0.083206923560796,0.13692436538296573,0.052817588983591304,13848,124,6924,6924,0.4560947429231658,1.009319918410384,1.5350953206239168,55334278.79474373,0,2022,0,801,-0.029182969768543066,-0.4990937120034138,0.524007413862815,-0.2975195029202846,-0.1749903106800047,-0.33814048272874975
fixed_h2,fee085_stamp5_zero_slippage,20260928_133146_event_good_bad_epoch018_fixed_h2_no_star_fee085_stamp5_zero_slippage,2020-01-02,2026-07-10,4502,3.8886598897546776,0.27541255258512365,-0.36965952113855416,0.7380856816605057,1.2233522541346633,0.7450438493694167,13848,124,6924,6924,0.4669266320046216,1.0780556705397153,1.5350953206239168,121710345.06341664,0,2022,0,801,1.264313808979682,-0.34996644168928825,0.8884327586549101,-0.25873227872486393,0.14327757027256793,-0.2498356348773706
fixed_h2,no_cost,20260928_133208_event_good_bad_epoch018_fixed_h2_no_star_no_cost,2020-01-02,2026-07-10,4502,6.779943219009936,0.369569117892367,-0.3406271700188046,0.9901263748219918,1.6452422556976787,1.084966645121012,13848,124,6924,6924,0.46808203350664357,1.1026457240891647,1.5350953206239168,0.0,0,2022,0,801,2.006283114235461,-0.3095120042380063,1.0291744541175092,-0.2472570695955132,0.27534347234126355,-0.21770723767076783
green_d2_open_exit,fee085_stamp5_slippage10bp,20260928_133231_event_good_bad_epoch018_green_d2_open_exit_no_star_fee085_stamp5_slippage10bp,2020-01-02,2026-07-10,4502,0.3081581236128319,0.04203824193885852,-0.4856582426451965,0.12629548400315865,0.2123986571130042,0.08655930909334955,13750,164,6875,6875,0.38094545454545453,1.013357740024977,1.6075636363636363,56987981.254725814,0,2022,0,801,0.0023627674034889523,-0.433496673374699,0.6010863698656781,-0.26583328568975173,-0.18488186483690994,-0.3319584481146477
green_d2_open_exit,fee085_stamp5_zero_slippage,20260928_133239_event_good_bad_epoch018_green_d2_open_exit_no_star_fee085_stamp5_zero_slippage,2020-01-02,2026-07-10,4502,4.1838515409011485,0.2869273943967905,-0.3231877967807196,0.8623127620345556,1.4674706638796997,0.8878039246991385,13750,164,6875,6875,0.39083636363636365,1.0870154289422171,1.6075636363636363,125471545.27009986,0,2022,0,801,1.3197337606709283,-0.3231877967807196,0.9819596480658022,-0.2233070375601095,0.1275079275250457,-0.2557818823761253
green_d2_open_exit,no_cost,20260928_133252_event_good_bad_epoch018_green_d2_open_exit_no_star_no_cost,2020-01-02,2026-07-10,4502,7.220322637289584,0.38117801800487094,-0.305616903673797,1.1458183957053967,1.9580523511767918,1.247241279597953,13750,164,6875,6875,0.3922909090909091,1.1136648335422046,1.6075636363636363,0.0,0,2022,0,801,2.0718254817579984,-0.305616903673797,1.1288572095388414,-0.20875614375690377,0.25703043261632086,-0.22867432920467934
limit_hold,fee085_stamp5_slippage10bp,20260928_133253_event_good_bad_epoch018_limit_hold_no_star_fee085_stamp5_slippage10bp,2020-01-02,2026-07-10,4502,1.4551429756697458,0.14761859276877676,-0.507837138385016,0.3865418759783718,0.6368223871837329,0.2906809715378869,13750,164,6875,6875,0.45425454545454547,1.0405017926189324,1.6075636363636363,84227760.97017558,0,2022,0,801,0.5083819912416796,-0.4427762203360305,0.7263769607927946,-0.2909208821857461,-0.05717776051762269,-0.2806595990664311
limit_hold,fee085_stamp5_zero_slippage,20260928_133257_event_good_bad_epoch018_limit_hold_no_star_fee085_stamp5_zero_slippage,2020-01-02,2026-07-10,4502,8.722245733619289,0.41716882592965,-0.3490721911400888,1.0926279160837504,1.8117530601968757,1.195078945037569,13750,164,6875,6875,0.4653090909090909,1.108966599142546,1.6075636363636363,196220707.80643207,0,2022,0,801,2.4889993833738875,-0.2870290435915136,1.1368115516928023,-0.25175117333283414,0.30406571868503507,-0.20989515629115096
limit_hold,no_cost,20260928_133301_event_good_bad_epoch018_limit_hold_no_star_no_cost,2020-01-02,2026-07-10,4502,14.414042456029296,0.5209115751181008,-0.3191281445794476,1.3644417162410742,2.2670460199726468,1.6322959411949292,13750,164,6875,6875,0.46647272727272726,1.133565031119145,1.6075636363636363,0.0,0,2022,0,801,3.6196371971440913,-0.2765517670027132,1.2951817279916593,-0.24016381406648346,0.4537562786743381,-0.20659591736623117
loss2_d2_open_exit,fee085_stamp5_slippage10bp,20260928_133318_event_good_bad_epoch018_loss2_d2_open_exit_no_star_fee085_stamp5_slippage10bp,2020-01-02,2026-07-10,4502,0.5218230307353693,0.0664877353879545,-0.4742161342781277,0.19078612571971407,0.319833707577792,0.14020555308428087,13750,164,6875,6875,0.4202181818181818,1.018972832445621,1.6075636363636363,65227186.89535966,0,2022,0,801,0.14931986372913508,-0.40507989384555965,0.6422184479707593,-0.26493927029509945,-0.1937080699576197,-0.3360482938982735
loss2_d2_open_exit,fee085_stamp5_zero_slippage,20260928_133340_event_good_bad_epoch018_loss2_d2_open_exit_no_star_fee085_stamp5_zero_slippage,2020-01-02,2026-07-10,4502,5.031143452016648,0.31714283874175364,-0.33753692177083305,0.9102994173644252,1.5420076184881324,0.9395796971718379,13750,164,6875,6875,0.4290909090909091,1.0863278009761381,1.6075636363636363,144917580.4596741,0,2022,0,801,1.6599832464279007,-0.3067983633342235,1.0327207054019452,-0.2229447598001284,0.11543186281792561,-0.2501415542236948
loss2_d2_open_exit,no_cost,20260928_133356_event_good_bad_epoch018_loss2_d2_open_exit_no_star_no_cost,2020-01-02,2026-07-10,4502,8.561708284056664,0.41355621472164605,-0.3065983525379633,1.1872263853315366,2.0150665571650834,1.3488533493357213,13750,164,6875,6875,0.4301090909090909,1.1107102324685252,1.6075636363636363,0.0,0,2022,0,801,2.5218133545568584,-0.2859484006549756,1.1833760166232263,-0.20838836590154264,0.24348519341871877,-0.2228412362466874
loss5_d2_open_exit,fee085_stamp5_slippage10bp,20260928_133405_event_good_bad_epoch018_loss5_d2_open_exit_no_star_fee085_stamp5_slippage10bp,2020-01-02,2026-07-10,4502,0.7272520948836234,0.0873914287488935,-0.5130386763405406,0.23726780701175942,0.3958223667643818,0.17034081986225447,13750,164,6875,6875,0.448,1.0237611163358047,1.6075636363636363,70900936.96373373,0,2022,0,801,0.2916044882613731,-0.40625175667021296,0.5523633666449839,-0.29101234465196324,-0.13854460125480295,-0.30728994160267264
loss5_d2_open_exit,fee085_stamp5_zero_slippage,20260928_133417_event_good_bad_epoch018_loss5_d2_open_exit_no_star_fee085_stamp5_zero_slippage,2020-01-02,2026-07-10,4502,5.8417224500446165,0.3428524727998865,-0.38715983970890533,0.9310952254335091,1.5668652343053324,0.8855579469649221,13750,164,6875,6875,0.4586181818181818,1.089152538726739,1.6075636363636363,158447442.92933008,0,2022,0,801,1.9875707420596145,-0.28804272775177486,0.9216722785933331,-0.2479087288396471,0.19170271622171575,-0.21567514715005176
loss5_d2_open_exit,no_cost,20260928_133423_event_good_bad_epoch018_loss5_d2_open_exit_no_star_no_cost,2020-01-02,2026-07-10,4502,9.850316887850344,0.44121956345705815,-0.35852005671126774,1.1983641537065743,2.0225507306957744,1.230669122124992,13750,164,6875,6875,0.4597818181818182,1.1128894971673917,1.6075636363636363,0.0,0,2022,0,801,2.9564822723563315,-0.2666230803343048,1.0641604681025552,-0.2354172473223246,0.32858621368659824,-0.20426012886415934
strong_hold_conservative,fee085_stamp5_slippage10bp,20260928_133429_event_good_bad_epoch018_strong_hold_conservative_no_star_fee085_stamp5_slippage10bp,2020-01-02,2026-07-10,4502,0.700744684045344,0.08481647036405482,-0.6276985832150128,0.20885967580669992,0.3430950866185634,0.13512292783844257,13528,175,6765,6763,0.4459559367144758,1.0257413105146826,1.8185716398048204,60849922.18306839,2,2022,0,801,0.024483695939911065,-0.5517843528988469,0.6899602266292757,-0.3648855722764064,-0.01766959306152882,-0.24050331513308043
strong_hold_conservative,fee085_stamp5_zero_slippage,20260928_133434_event_good_bad_epoch018_strong_hold_conservative_no_star_fee085_stamp5_zero_slippage,2020-01-02,2026-07-10,4502,5.438322116340855,0.3304004264911746,-0.4213624962591712,0.8147600815647016,1.3518473913163072,0.7841239536609169,13526,176,6764,6762,0.4568175096125407,1.0975434922617686,1.8207630878438332,132894180.2371291,2,2022,0,801,1.341986946737109,-0.4213624962591712,1.0698565929658805,-0.328167274550598,0.32815259125323193,-0.22309882787661994
strong_hold_conservative,no_cost,20260928_133445_event_good_bad_epoch018_strong_hold_conservative_no_star_no_cost,2020-01-02,2026-07-10,4502,9.13420299954486,0.42621323369345565,-0.3810469815727551,1.0519970310548936,1.7495005452131218,1.1185319771705808,13526,176,6764,6762,0.45800059154096423,1.1240379640926068,1.8207630878438332,0.0,2,2022,0,801,2.087036067520678,-0.3810469815727551,1.2206196911447442,-0.3167359144338634,0.4783378941059757,-0.21974528553515005
strong_hold,fee085_stamp5_slippage10bp,20260928_133511_event_good_bad_epoch018_strong_hold_no_star_fee085_stamp5_slippage10bp,2020-01-02,2026-07-10,4502,0.7838741394413045,0.09278157186864289,-0.5900431117194882,0.2223043143682233,0.3597235662746616,0.1572454114382613,13402,208,6702,6700,0.4456716417910448,1.0275745265486795,1.9179104477611941,63871138.77198861,2,2021,0,801,0.19300290219579797,-0.5055375331118308,0.5331437078550172,-0.34041059487187053,-0.024696361301442926,-0.26194732911306007
strong_hold,fee085_stamp5_zero_slippage,20260928_133521_event_good_bad_epoch018_strong_hold_no_star_fee085_stamp5_zero_slippage,2020-01-02,2026-07-10,4502,5.697596916066962,0.33847681111031225,-0.3818970565352807,0.8126131633534763,1.328998821273941,0.8863037965809585,13398,209,6700,6698,0.4565541952821738,1.0981559584237757,1.9210212003583158,138741643.50387287,2,2021,0,801,1.7155450260362781,-0.3818970565352807,0.8726084538884107,-0.3023943616653938,0.31708868521719213,-0.22565066211004003
strong_hold,no_cost,20260928_133535_event_good_bad_epoch018_strong_hold_no_star_no_cost,2020-01-02,2026-07-10,4502,9.495243373753429,0.4338873127986824,-0.35897012535829087,1.0429858489306865,1.708006960247924,1.2087003406359127,13398,209,6700,6698,0.457748581666169,1.1243506725722694,1.9210212003583158,0.0,2,2021,0,801,2.569344026276648,-0.35897012535829087,1.0073988956635973,-0.29055833987472746,0.46477333075958094,-0.22185551213773413
strong_hold_trailing_only,fee085_stamp5_slippage10bp,20260928_133541_event_good_bad_epoch018_strong_hold_trailing_only_no_star_fee085_stamp5_slippage10bp,2020-01-02,2026-07-10,4502,0.8272767484490615,0.09681605967375995,-0.5806959314910525,0.23211725234601108,0.3759587029392503,0.16672419148032505,13402,207,6702,6700,0.4456716417910448,1.0286329519844581,1.9173134328358208,64979077.422963314,2,2021,0,801,0.22020187422673443,-0.4942578871884714,0.5353654540971167,-0.34040496541594534,-0.024649130311517053,-0.26193409619350594
strong_hold_trailing_only,fee085_stamp5_zero_slippage,20260928_133550_event_good_bad_epoch018_strong_hold_trailing_only_no_star_fee085_stamp5_zero_slippage,2020-01-02,2026-07-10,4502,5.861851945979067,0.3434573802271921,-0.3818981196485981,0.8250781768665483,1.3506359086473696,0.8993429466037248,13398,208,6700,6698,0.4565541952821738,1.0989984587244248,1.920274708868319,141526783.12387332,2,2021,0,801,1.7769401883181795,-0.3818981196485981,0.8760226555111397,-0.3023927964767783,0.31715455723748476,-0.22564842587466838
strong_hold_trailing_only,no_cost,20260928_133556_event_good_bad_epoch018_strong_hold_trailing_only_no_star_no_cost,2020-01-02,2026-07-10,4502,9.751486901066363,0.43919938001724024,-0.3589736999757025,1.0564100288446778,1.731578542755127,1.223486233244853,13398,208,6700,6698,0.457748581666169,1.1251070873056792,1.920274708868319,0.0,2,2021,0,801,2.649890840754807,-0.3589736999757025,1.0110385834587907,-0.2905583548835169,0.4647660019361992,-0.22185555694564874
strong_hold_wide,fee085_stamp5_slippage10bp,20260928_133601_event_good_bad_epoch018_strong_hold_wide_no_star_fee085_stamp5_slippage10bp,2020-01-02,2026-07-10,4502,1.0514337343275066,0.11644531837696181,-0.6140924801708613,0.28448446768131375,0.46958146106646415,0.18962179498528103,13460,189,6731,6729,0.44583147570218457,1.0330112574507957,1.8680338831921535,71888828.75868279,2,2022,0,801,0.24289771626750345,-0.5168172902481751,0.6956918144121833,-0.3423208736886083,-0.02663622550173328,-0.26392165193277817
strong_hold_wide,fee085_stamp5_zero_slippage,20260928_133613_event_good_bad_epoch018_strong_hold_wide_no_star_fee085_stamp5_zero_slippage,2020-01-02,2026-07-10,4502,6.5761616352992105,0.36400785357598453,-0.40562368588752384,0.8916326722745362,1.4861758207154536,0.8974028545190059,13456,190,6729,6727,0.4566671621822506,1.1012408247052226,1.8708190872602943,155220109.7566946,2,2022,0,801,1.7760630235497383,-0.3771070630860297,1.0750977881401558,-0.30437180467978386,0.31516833132766076,-0.22309871169788664
strong_hold_wide,no_cost,20260928_133636_event_good_bad_epoch018_strong_hold_wide_no_star_no_cost,2020-01-02,2026-07-10,4502,10.895026326057911,0.46167298390449396,-0.3589914865602082,1.1320333889918903,1.891834483646341,1.286027666918125,13456,190,6729,6727,0.4578563995837669,1.1268718263010808,1.8708190872602943,0.0,2,2022,0,801,2.653307941562712,-0.3497379511263865,1.225612012221807,-0.29255446603339175,0.46295062886139116,-0.2197446406501421
