month,monthly_return,is_red_month
2020-01-01,0.005521562597612828,True
2020-02-01,-0.0026542911676984415,False
2020-03-01,0.01055765574984635,True
2020-04-01,0.014973831887788336,True
2020-05-01,-0.024280174311072655,False
2020-06-01,0.048827047861895956,True
2020-07-01,0.1459298681668415,True
2020-08-01,0.031094599228045583,True
2020-09-01,-0.06683198515233713,False
2020-10-01,0.0032591927910465834,True
2020-11-01,0.14543189985408622,True
2020-12-01,-0.004489194877336566,False
2021-01-01,0.022221735431826817,True
2021-02-01,0.03195286166399525,True
2021-03-01,0.06346845678043667,True
2021-04-01,-0.05578671962083781,False
2021-05-01,-0.013250785187191916,False
2021-06-01,0.047626743881196365,True
2021-07-01,-0.04576211186542756,False
2021-08-01,0.21182954060979853,True
2021-09-01,-0.07055624374494307,False
2021-10-01,-0.006680477395976103,False
2021-11-01,0.06756939777460813,True
2021-12-01,0.06384664405865137,True
2022-01-01,-0.04444972346840925,False
2022-02-01,0.12346090087261574,True
2022-03-01,0.006186457323281269,True
2022-04-01,-0.15639532653940214,False
2022-05-01,0.03644333699176583,True
2022-06-01,0.08878427995408433,True
2022-07-01,0.06478761396936306,True
2022-08-01,-0.021803006743110087,False
2022-09-01,-0.04275406069337495,False
2022-10-01,0.05733891230612942,True
2022-11-01,0.15739256063718154,True
2022-12-01,0.022100427243919807,True
2023-01-01,-0.010521262501531847,False
2023-02-01,-0.013742561488340188,False
2023-03-01,-0.020703807114693884,False
2023-04-01,0.05845319123934911,True
2023-05-01,0.13468753196860095,True
2023-06-01,0.09853242246524085,True
2023-07-01,0.043681654192438524,True
2023-08-01,-0.07366759413754831,False
2023-09-01,0.16334643384865788,True
2023-10-01,0.09339464428599009,True
2023-11-01,0.03132849682542527,True
2023-12-01,-0.0017450772855996943,False
2024-01-01,-0.12603033810043984,False
2024-02-01,0.11752343046253344,True
2024-03-01,0.01867960406729119,True
2024-04-01,0.04773127212343309,True
2024-05-01,0.04539809753505497,True
2024-06-01,0.09438479936007504,True
2024-07-01,-0.05203607190673032,False
2024-08-01,-0.027061755659999687,False
2024-09-01,0.12155550433669671,True
2024-10-01,0.06728205000350207,True
2024-11-01,0.01223876304636784,True
2024-12-01,-0.02931331257476255,False
2025-01-01,-0.06770552631589133,False
2025-02-01,0.04127236041388738,True
2025-03-01,0.024324657622551094,True
2025-04-01,-0.05501603838973257,False
2025-05-01,-0.004978514538880652,False
2025-06-01,0.06555525068287582,True
2025-07-01,0.08513735688105228,True
2025-08-01,0.11884695164835102,True
2025-09-01,0.06504267437747946,True
2025-10-01,-0.049430549624856046,False
2025-11-01,-0.04265668565267844,False
2025-12-01,-0.03053251842705018,False
2026-01-01,0.11778439713748767,True
2026-02-01,0.09994849636722614,True
2026-03-01,0.1177824602139419,True
2026-04-01,0.03186618096466898,True
2026-05-01,0.07358843490828249,True
2026-06-01,-0.013593903255616824,False
