session_id,source_path,sha256,size,message_count
019f2cc5-134c-7ed2-910e-c3e5c6124cd2,${HOME}/.codex/sessions/2026/07/04/rollout-2026-07-04T18-55-40-019f2cc5-134c-7ed2-910e-c3e5c6124cd2.jsonl,359e856d742f26ce0c4312a1dc2ef3aec9b118eb6630532340ab6295a2800e61,30914469,3078
019f35eb-644d-7e30-8326-3ecb241696d6,${HOME}/.codex/sessions/2026/07/06/rollout-2026-07-06T13-34-06-019f35eb-644d-7e30-8326-3ecb241696d6.jsonl,b601c8468d859c2be103ba8090672f6345f12c3a9c509c3d3035e707db815372,9219740,850
019f3761-226d-7bd2-ad40-43da42185f0e,${HOME}/.codex/sessions/2026/07/06/rollout-2026-07-06T20-22-20-019f3761-226d-7bd2-ad40-43da42185f0e.jsonl,4ce938fac0d8c2eabf5b530f457e693c070a3515cc0342daa2a8da8502261908,374405,16
019f3801-4f18-7ee3-b13d-61789bdee3ce,${HOME}/.codex/sessions/2026/07/06/rollout-2026-07-06T23-17-17-019f3801-4f18-7ee3-b13d-61789bdee3ce.jsonl,cd2bacc7e59fb33befb861a1a91f6e06da3087a16d8429ed2cb1a2bc3a68d48e,1095052,87
019f381d-c972-7023-8aa1-e8f0f84584a1,${HOME}/.codex/sessions/2026/07/06/rollout-2026-07-06T23-48-24-019f381d-c972-7023-8aa1-e8f0f84584a1.jsonl,4db63856be2c0aff9d4db9e9c7a20e8069e55ab21405c789f822f456f101d0cd,725422,84
019f3834-b2a9-7af1-8029-20df37fd78bc,${HOME}/.codex/sessions/2026/07/07/rollout-2026-07-07T00-13-25-019f3834-b2a9-7af1-8029-20df37fd78bc.jsonl,ed84aec08f2a5505a2c0bc002a438608cb0c6c9f898b09a07f67fe7757101b35,25595245,2249
019f6927-25a2-79e3-b448-a7def8f903b3,${HOME}/.codex/sessions/2026/07/16/rollout-2026-07-16T12-20-01-019f6927-25a2-79e3-b448-a7def8f903b3.jsonl,609fe156536d411caf6b135bc54928426a67e91431f9da1f3846d76291b436ac,2111644,135
019f692a-1ff5-7d30-8dd3-927d85926930,${HOME}/.codex/sessions/2026/07/16/rollout-2026-07-16T12-23-16-019f692a-1ff5-7d30-8dd3-927d85926930.jsonl,578383dbeb3f89d41102dc130e312865cc2c5c904cd46e4662318f8ad3f978fa,78230,7
019f693a-3b19-7bf1-94ab-0b9db1ae4a47,${HOME}/.codex/sessions/2026/07/16/rollout-2026-07-16T12-40-51-019f693a-3b19-7bf1-94ab-0b9db1ae4a47.jsonl,659f971b32e3b8b0a3d30d0cdd702197eda5cd32a6f6b49e2249f5e71ab3d19b,53910,4
019f6949-203e-7e73-ba6c-250c463ca46d,${HOME}/.codex/sessions/2026/07/16/rollout-2026-07-16T12-57-07-019f6949-203e-7e73-ba6c-250c463ca46d.jsonl,c58223e19a9d25b44d03f9cae7e9e2148e5ae05a538483c9984f9a785a8e7064,54904,3
019f6987-f4c3-7c30-82e1-7a470a393c2d,${HOME}/.codex/sessions/2026/07/16/rollout-2026-07-16T14-05-45-019f6987-f4c3-7c30-82e1-7a470a393c2d.jsonl,b5aa18ee034828330ab8b89520a43a6156c7d8e4975e6d15724e82946d603e00,96750,5
019f6988-9ab5-7363-9d76-da79cdb98d8c,${HOME}/.codex/sessions/2026/07/16/rollout-2026-07-16T14-06-28-019f6988-9ab5-7363-9d76-da79cdb98d8c.jsonl,411dc2a589196a69481c24ce5d953a50f342c2bd159aee254faf6dbb90ffcd59,36577,2
019f6989-7f33-7932-ad23-9ac0887c98aa,${HOME}/.codex/sessions/2026/07/16/rollout-2026-07-16T14-07-26-019f6989-7f33-7932-ad23-9ac0887c98aa.jsonl,6deebfd28b8d697379df0e2c154affbc1ae8bc34fbc8e0fbbf8edb98336fcc79,44069,3
019f69c2-48b9-7442-845c-7dad63c1f5e0,${HOME}/.codex/sessions/2026/07/16/rollout-2026-07-16T15-09-28-019f69c2-48b9-7442-845c-7dad63c1f5e0.jsonl,4d10d26642919859936380331683e40c3d43ba3032edd647806c682f23ccf08e,43524,3
019f69c2-8254-79e3-903e-143cab480db9,${HOME}/.codex/sessions/2026/07/16/rollout-2026-07-16T15-09-42-019f69c2-8254-79e3-903e-143cab480db9.jsonl,2996ff8bb2c6e600f4d0e06e9bd1cf4708a4ac03da0b46b53ab6999112ae25d5,408856,22
019f69cd-2580-7f41-9c65-16a160afe184,${HOME}/.codex/sessions/2026/07/16/rollout-2026-07-16T15-21-20-019f69cd-2580-7f41-9c65-16a160afe184.jsonl,166206c08fe780392f5b1681706b426ba29e93f1abf18dee26e1f4f1e5f170a0,235763,9
019f69d3-0dbb-7d71-b48d-57f7bd6f0680,${HOME}/.codex/sessions/2026/07/16/rollout-2026-07-16T15-27-47-019f69d3-0dbb-7d71-b48d-57f7bd6f0680.jsonl,44c1555b009fe5f1a2c40382b588432b03875c1b3e582d623f2ad20d0fd6f00c,9498729,902
019f69da-82fe-7eb0-a819-f8bf50049556,${HOME}/.codex/sessions/2026/07/16/rollout-2026-07-16T15-35-55-019f69da-82fe-7eb0-a819-f8bf50049556.jsonl,4c3006f117072f344b46dd364aa508aebf373e1384a0889533a8444fbb19c585,374744,17
019f6bf2-17ea-72e0-ae00-94604d758b1e,${HOME}/.codex/sessions/2026/07/17/rollout-2026-07-17T01-20-55-019f6bf2-17ea-72e0-ae00-94604d758b1e.jsonl,d38ae4df62bc6793fd800e2d003443165ce05150bee1cea0c97e34793a199dd5,1150042,53
019f6d9d-4b17-7fc0-be71-fb0867b06a4d,${HOME}/.codex/sessions/2026/07/17/rollout-2026-07-17T09-07-32-019f6d9d-4b17-7fc0-be71-fb0867b06a4d.jsonl,d01c32d1553e801190aeed9b104f0fafc5a01ff776c64d7d2f8ac83e85ad01cf,44184,3
019f6d9e-71fc-7670-aa4e-85e94c197050,${HOME}/.codex/sessions/2026/07/17/rollout-2026-07-17T09-08-48-019f6d9e-71fc-7670-aa4e-85e94c197050.jsonl,88172b588eb6c9a9d44dcad6ac8bf0ecdcc80e4f4d8d5c567d0bdfe2ae41214e,71451450,3690
019f755b-70f7-7953-b1d8-4b6b4e4e3be7,${HOME}/.codex/sessions/2026/07/18/rollout-2026-07-18T21-12-34-019f755b-70f7-7953-b1d8-4b6b4e4e3be7.jsonl,e56854e7d7fe01cf58d0f04cdf0f1763124ccc83896bf21babf4dcca9d144689,44722,3
019f75ae-84d9-7721-92ed-819ab44d38f5,${HOME}/.codex/sessions/2026/07/18/rollout-2026-07-18T22-43-19-019f75ae-84d9-7721-92ed-819ab44d38f5.jsonl,cd1ecbcad4c4039ee391f817270f10652df430b6ac29a28cba1242f922f6b127,327756,11
019f821c-83d3-7c41-9213-1e2d30dd97cc,${HOME}/.codex/sessions/2026/07/21/rollout-2026-07-21T08-38-54-019f821c-83d3-7c41-9213-1e2d30dd97cc.jsonl,1aa825de43b86e78b78589e1f2704d56a510b89b8ef531a7ed7dd74f11651f91,8642228,267
019f838b-94c6-7800-9bae-6f668c77a979,${HOME}/.codex/sessions/2026/07/21/rollout-2026-07-21T15-19-50-019f838b-94c6-7800-9bae-6f668c77a979.jsonl,ea8d2bfc9538e7069b2d64fbc6d24205aebd40f76a6b09f64291918ca986fee6,2065845,91
019f87a1-24de-7ba3-a7f2-f38cf540980d,${HOME}/.codex/sessions/2026/07/22/rollout-2026-07-22T10-21-52-019f87a1-24de-7ba3-a7f2-f38cf540980d.jsonl,691b1539b66afb9832ba736dcfdd9900169c15b0eb9363181e69e98610ff942b,82311,4
019f8cb6-8b72-7700-a1ef-155647bba670,${HOME}/.codex/sessions/2026/07/23/rollout-2026-07-23T10-03-21-019f8cb6-8b72-7700-a1ef-155647bba670.jsonl,234e141b91a96d997700d4913223a427e14c1eff78e397a1ae08441fed6d7415,7714822,374
019f9237-3599-7eb0-9ce9-b92b011f13ab,${HOME}/.codex/sessions/2026/07/24/rollout-2026-07-24T11-41-59-019f9237-3599-7eb0-9ce9-b92b011f13ab.jsonl,44ba82720e4d1d299dcd0a0ed36062b6f5c7ca8593f9da44a09431bdc33a94c3,140522,8
019f9241-0c36-7aa0-b5da-429c03219c6a,${HOME}/.codex/sessions/2026/07/24/rollout-2026-07-24T11-52-44-019f9241-0c36-7aa0-b5da-429c03219c6a.jsonl,aedc0d55d23c84a3e6b705aec95442c591dca584651bd92b2488e904794aa76c,17324503,415
019f93df-a1f9-7000-af87-ddb170ee3f1e,${HOME}/.codex/sessions/2026/07/24/rollout-2026-07-24T19-25-34-019f93df-a1f9-7000-af87-ddb170ee3f1e.jsonl,44e28af66d47eb3187f5abb946bcb443b890f52d3c7048f6303292da8db9c348,374760,10
019f97b8-51c1-72a2-aab7-db9b58d57a61,${HOME}/.codex/sessions/2026/07/25/rollout-2026-07-25T13-21-07-019f97b8-51c1-72a2-aab7-db9b58d57a61.jsonl,8a5db0055d7c98c5181641b3d6196cb7a5bfc2216391799dc9645af2c2bf5fa2,47059,3
019f97c0-5245-77e1-96ba-cfc49bcdb5b5,${HOME}/.codex/sessions/2026/07/25/rollout-2026-07-25T13-29-51-019f97c0-5245-77e1-96ba-cfc49bcdb5b5.jsonl,2284f1e9b7535bae15de31930669dc17e298876edce10f56a6c91c41bcbfc7d1,9350049,244
019f988e-1abe-7412-bdb2-de741b460d0d,${HOME}/.codex/sessions/2026/07/25/rollout-2026-07-25T17-14-37-019f988e-1abe-7412-bdb2-de741b460d0d.jsonl,0a375b4172eb02ef2707010dc26f9c080839ac0f309dba395f99d678748b42ce,168257,8
019f9ceb-7e3e-7791-a951-8c711875994f,${HOME}/.codex/sessions/2026/07/26/rollout-2026-07-26T13-35-06-019f9ceb-7e3e-7791-a951-8c711875994f.jsonl,03fc3819f8c6613c442a34f44632aa6469c4155ca688a61af704d8fc975c996c,22700976,588
019ff198-19fb-7c13-8834-84767534f697,${HOME}/.codex/sessions/2026/08/12/rollout-2026-08-12T00-11-45-019ff198-19fb-7c13-8834-84767534f697.jsonl,40d7beb450d85468b49e4f95c6b9ad5003396288ad78e05958fddd5dcee34b70,584772,5
01a0b48a-cf2f-7731-9500-b61832d3297d,${HOME}/.codex/sessions/2026/09/18/rollout-2026-09-18T20-43-11-01a0b48a-cf2f-7731-9500-b61832d3297d.jsonl,35874ecdd4750953c6ae87f8d8ca956da2f6c7adfa37b84b55e7b6d0bf3fd939,3018361,86
01a0b48a-cf2f-7731-9500-b61832d3297d,${HOME}/.codex/sessions/2026/09/20/rollout-2026-09-20T12-09-23-01a0b48a-cf2f-7731-9500-b61832d3297d_01a0bd01-24a4-7f91-98cb-c9c510c3150d.jsonl,968e28578e379a1eee8f35607603ece252e4cb1fcd8787d4905bc8a3f0b6107a,742922,12
01a0b48a-cf2f-7731-9500-b61832d3297d,${HOME}/.codex/sessions/2026/09/20/rollout-2026-09-20T12-21-51-01a0b48a-cf2f-7731-9500-b61832d3297d_01a0bd0c-8c34-7f42-a4a9-3f7723d30cb5.jsonl,3f80b1f71e1c71de7facfc15cc133904c77d96553b1ad0a0819bc8acdb62af68,5482639,126
01a0bd27-3401-7623-964c-a0b8a279a883,${HOME}/.codex/sessions/2026/09/20/rollout-2026-09-20T12-50-58-01a0bd27-3401-7623-964c-a0b8a279a883.jsonl,5a923cb8d7f35d24223235c47052e932bc6919fe57e062bb6fd269d9176b2db3,2523144,21
01a0bd3a-25bf-7e43-86b5-99d08e3c2c18,${HOME}/.codex/sessions/2026/09/20/rollout-2026-09-20T13-11-39-01a0bd3a-25bf-7e43-86b5-99d08e3c2c18.jsonl,de5450635590774e06886b381f8e682390db060e6512206a53460f620aa25b87,223738,4
01a0b48a-cf2f-7731-9500-b61832d3297d,${HOME}/.codex/sessions/2026/09/20/rollout-2026-09-20T15-01-41-01a0b48a-cf2f-7731-9500-b61832d3297d_01a0bd9e-e214-7913-af17-bf2e169720f2.jsonl,262e4f8b71d23dbd994ab29479fc8f779fa27006032c67e4cc859493c00ec357,8747958,137
01a0b48a-cf2f-7731-9500-b61832d3297d,${HOME}/.codex/sessions/2026/09/20/rollout-2026-09-20T18-17-59-01a0b48a-cf2f-7731-9500-b61832d3297d_01a0be52-98f8-7133-850f-bf931817f6d1.jsonl,cc6823fb1a489bdb879ca90a4e34e69c398f69bed9c0a764acce8231372fb1bc,211602,9
01a0b48a-cf2f-7731-9500-b61832d3297d,${HOME}/.codex/sessions/2026/09/20/rollout-2026-09-20T18-28-14-01a0b48a-cf2f-7731-9500-b61832d3297d_01a0be5b-fd6c-7d82-8426-d5541f0801ad.jsonl,386d23079d073ecfe048a179a0a47be80f83ad715fe047e12fe03d5127c5a2a5,375064,15
01a0b48a-cf2f-7731-9500-b61832d3297d,${HOME}/.codex/sessions/2026/09/20/rollout-2026-09-20T18-43-49-01a0b48a-cf2f-7731-9500-b61832d3297d_01a0be6a-4034-7493-8edc-d4e4a59824ea.jsonl,a855d7410e38a2d38a2cd2e7f760c40ac94a0a109d00ba5b516066dd3d40716c,1156356,31
01a0b48a-cf2f-7731-9500-b61832d3297d,${HOME}/.codex/sessions/2026/09/20/rollout-2026-09-20T20-00-08-01a0b48a-cf2f-7731-9500-b61832d3297d_01a0beb0-20bf-7f70-9ec1-1bf8693e7979.jsonl,003e3fdfc6e9cd754dd9922613cdee4cf67cc9ca8d3c957be9654bbeb110698d,1707522,40
01a0b48a-cf2f-7731-9500-b61832d3297d,${HOME}/.codex/sessions/2026/09/20/rollout-2026-09-20T21-07-31-01a0b48a-cf2f-7731-9500-b61832d3297d_01a0beed-cfa3-7f61-98b7-1350b4a54806.jsonl,46a738629cd04aaaa7b278c2231633aafaafd85463019e4f769e596d65a4ce7b,26469,2
01a0b48a-cf2f-7731-9500-b61832d3297d,${HOME}/.codex/sessions/2026/09/20/rollout-2026-09-20T21-08-11-01a0b48a-cf2f-7731-9500-b61832d3297d_01a0beee-6d28-7ac0-9d43-bf3ef6ded09a.jsonl,1eb1bdb37bac2ea9d3c42a4a9b6c47e74305b9683efc6095525496aee81fcd5e,1228655,44
01a0b48a-cf2f-7731-9500-b61832d3297d,${HOME}/.codex/sessions/2026/09/20/rollout-2026-09-20T22-19-36-01a0b48a-cf2f-7731-9500-b61832d3297d_01a0bf2f-d01b-7de2-b130-51c86e3ef7f9.jsonl,9e0da0e528fbaedc6196e98101ce1a19815d38901190258abbcfefb95759cb0e,8356055,93
01a0c1dc-ee14-7193-8934-2624996d29f1,${HOME}/.codex/sessions/2026/09/21/rollout-2026-09-21T10-47-56-01a0c1dc-ee14-7193-8934-2624996d29f1.jsonl,0bcddc4cf1dc1897196ec1970623c9f3f825893c90c49fd321bc4b9a0f4fece7,6967794,281
01a0c1de-0d9b-7d90-8f45-a0dcdaa425d2,${HOME}/.codex/sessions/2026/09/21/rollout-2026-09-21T10-49-10-01a0c1de-0d9b-7d90-8f45-a0dcdaa425d2.jsonl,3a3dbe7d78156c2865350c6922fac0ea1e4945981de9161df33e4a8caf202b52,380204,15
01a0b48a-cf2f-7731-9500-b61832d3297d,${HOME}/.codex/sessions/2026/09/21/rollout-2026-09-21T11-27-19-01a0b48a-cf2f-7731-9500-b61832d3297d_01a0c200-fb4c-7420-a84c-0a611f98b997.jsonl,fc6f6fade2d95a97289a24f082bff4c3a9caeffe24e4961b678c8acd8c5a839e,234422,6
01a0b48a-cf2f-7731-9500-b61832d3297d,${HOME}/.codex/sessions/2026/09/21/rollout-2026-09-21T11-30-39-01a0b48a-cf2f-7731-9500-b61832d3297d_01a0c204-09e7-7da0-bc00-56aa4d269aa6.jsonl,4d54aa9228682f716a36114faf387c76ab418c319f2f607e30bdf4a19eb2a48f,4682841,48
01a0b48a-cf2f-7731-9500-b61832d3297d,${HOME}/.codex/sessions/2026/09/21/rollout-2026-09-21T15-40-41-01a0b48a-cf2f-7731-9500-b61832d3297d_01a0c2e8-f181-7ec3-9531-5dd06b38f92b.jsonl,3f245a94c764294731e02330fc47829bd81578e662681f8b573cc77c5f12e961,128277,5
01a0b48a-cf2f-7731-9500-b61832d3297d,${HOME}/.codex/sessions/2026/09/21/rollout-2026-09-21T15-46-26-01a0b48a-cf2f-7731-9500-b61832d3297d_01a0c2ee-34f0-7522-ba0d-91c4a4552de4.jsonl,7722c30705989e437f18f66398124007cdbd77b19380f6fb2154cd294882a268,25369,2
01a0b48a-cf2f-7731-9500-b61832d3297d,${HOME}/.codex/sessions/2026/09/21/rollout-2026-09-21T15-46-49-01a0b48a-cf2f-7731-9500-b61832d3297d_01a0c2ee-9167-70c0-b8ff-e3f48574604a.jsonl,bec80f4e8c10f258f15f0e68e3070dc95ab86e705fc6040fefd80ebb62915078,41893,3
01a0b48a-cf2f-7731-9500-b61832d3297d,${HOME}/.codex/sessions/2026/09/21/rollout-2026-09-21T15-48-51-01a0b48a-cf2f-7731-9500-b61832d3297d_01a0c2f0-6ab9-7b13-8d42-42f3b58c1f78.jsonl,29cb60cecb32fc1fbf5bfc1f9ba0ae418f59facbe8d00317ef2583c82124678a,232179,6
01a0b48a-cf2f-7731-9500-b61832d3297d,${HOME}/.codex/sessions/2026/09/21/rollout-2026-09-21T15-55-34-01a0b48a-cf2f-7731-9500-b61832d3297d_01a0c2f6-91c8-74e0-af63-4d1b9ff5abf3.jsonl,6df777eade3a8a521c91134e9cbb716dd58f352eadc7a7536dfb11cd67ff4f9e,2365398,26
01a0b48a-cf2f-7731-9500-b61832d3297d,${HOME}/.codex/sessions/2026/09/21/rollout-2026-09-21T16-44-49-01a0b48a-cf2f-7731-9500-b61832d3297d_01a0c323-a8d7-7ae3-8622-120cb01c8462.jsonl,ba25509edf3e77a593cb5028f49192e91cb6d7c2a972a650a898e87d63b1ec54,2603313,19
01a0b48a-cf2f-7731-9500-b61832d3297d,${HOME}/.codex/sessions/2026/09/21/rollout-2026-09-21T17-13-48-01a0b48a-cf2f-7731-9500-b61832d3297d_01a0c33e-3352-7ee2-86cc-7c866be920c1.jsonl,a3129a680c547dc6ad5175019af8c246bb725675b18fc0a1fffc4208166577f0,2302406,34
01a0b48a-cf2f-7731-9500-b61832d3297d,${HOME}/.codex/sessions/2026/09/21/rollout-2026-09-21T18-02-53-01a0b48a-cf2f-7731-9500-b61832d3297d_01a0c36b-2146-7721-b8b0-e84d7706d99f.jsonl,cc74b62a84920f441b05a86d0873eaa63803ecedaaa1526e0b2d87df42d1dce4,2449804,40
01a0b48a-cf2f-7731-9500-b61832d3297d,${HOME}/.codex/sessions/2026/09/21/rollout-2026-09-21T19-21-34-01a0b48a-cf2f-7731-9500-b61832d3297d_01a0c3b3-2add-75e3-8b09-ea51ae225153.jsonl,26da17e1cb67b1fbf5d151e06b6a137b71e1b2a50c1a145e7b1df4c85eb5f324,24979,2
01a0b48a-cf2f-7731-9500-b61832d3297d,${HOME}/.codex/sessions/2026/09/21/rollout-2026-09-21T19-22-36-01a0b48a-cf2f-7731-9500-b61832d3297d_01a0c3b4-1ea9-7340-baf8-cce3ab6d1d5f.jsonl,7eada062bbf672faa23b88187bf11d10d9353698633101a10784fdd2ca7a1585,1045731,20
01a0b48a-cf2f-7731-9500-b61832d3297d,${HOME}/.codex/sessions/2026/09/21/rollout-2026-09-21T19-42-24-01a0b48a-cf2f-7731-9500-b61832d3297d_01a0c3c6-3d64-7512-a096-b22039d89516.jsonl,8d48828101e68075244c39cd3bffb413324e21ed538a845c93058ae4d23cad45,3265368,26
01a0b48a-cf2f-7731-9500-b61832d3297d,${HOME}/.codex/sessions/2026/09/21/rollout-2026-09-21T20-17-46-01a0b48a-cf2f-7731-9500-b61832d3297d_01a0c3e6-9fea-7c40-961f-075a6cb41b33.jsonl,3faf745c3d22448502e0aea9c5ab580951fb72c704d48ba81f7f2f7980f49847,1397825,32
01a0b48a-cf2f-7731-9500-b61832d3297d,${HOME}/.codex/sessions/2026/09/21/rollout-2026-09-21T21-01-43-01a0b48a-cf2f-7731-9500-b61832d3297d_01a0c40e-dc92-77c3-9fd3-6ccbeee31e2f.jsonl,e7dbe9531a0167277cc61b29ef0ab6e9f9f7200326fb8102955325f1b6f2a432,1643221,30
01a0b48a-cf2f-7731-9500-b61832d3297d,${HOME}/.codex/sessions/2026/09/21/rollout-2026-09-21T21-38-16-01a0b48a-cf2f-7731-9500-b61832d3297d_01a0c430-5369-7622-a64d-2a8ef5ddf4c3.jsonl,3fefc340872f96ebd1d1ce205e6681efd2598fbaa7d7bc6595c813968a57b39b,118007,5
01a0c432-bd74-76f2-8778-ad71a8f0c508,${HOME}/.codex/sessions/2026/09/21/rollout-2026-09-21T21-40-54-01a0c432-bd74-76f2-8778-ad71a8f0c508.jsonl,41804a5f7bd907ddfd595814461653fab0fa8d2ef20b3e7eaf0d4f43ba87d1dd,6923762,124
01a0c1dc-ee14-7193-8934-2624996d29f1,${HOME}/.codex/sessions/2026/09/22/rollout-2026-09-22T14-33-53-01a0c1dc-ee14-7193-8934-2624996d29f1_01a0c7d2-2763-7c12-800a-f2b86e742785.jsonl,22d1c97ced9150d64e2c2a0d09960041c7d7a147b40f61095a341e6dce5ea01d,459898,5
01a0c1dc-ee14-7193-8934-2624996d29f1,${HOME}/.codex/sessions/2026/09/22/rollout-2026-09-22T14-39-21-01a0c1dc-ee14-7193-8934-2624996d29f1_01a0c7d7-296a-7892-b569-19d417ce92f5.jsonl,0b09c147533f543de904df2518962de42ee1d33e7e61fa8e4318da28a085c1b6,184177,5
01a0c1dc-ee14-7193-8934-2624996d29f1,${HOME}/.codex/sessions/2026/09/22/rollout-2026-09-22T14-46-22-01a0c1dc-ee14-7193-8934-2624996d29f1_01a0c7dd-954a-7aa2-bd75-863c6b1fb2a5.jsonl,722e16758f962da0be7d442fe02e9e100f8e872d38c421d2f45eb89985443732,229592,12
01a0c1dc-ee14-7193-8934-2624996d29f1,${HOME}/.codex/sessions/2026/09/22/rollout-2026-09-22T15-02-16-01a0c1dc-ee14-7193-8934-2624996d29f1_01a0c7ec-220a-7063-a258-481732832383.jsonl,5bed1ffa0effcf77fe092c8052e73069b4d030fc4f748ca3ce55db799ecaafc8,2833417,23
01a0c1dc-ee14-7193-8934-2624996d29f1,${HOME}/.codex/sessions/2026/09/22/rollout-2026-09-22T15-27-50-01a0c1dc-ee14-7193-8934-2624996d29f1_01a0c803-8af3-7fd3-bffa-dd0f1bf0ff69.jsonl,97af1f1b7bcfad2f6247dba353f94c11729938f66622dcb46fff268d2a95aee5,65677,4
01a0c1dc-ee14-7193-8934-2624996d29f1,${HOME}/.codex/sessions/2026/09/22/rollout-2026-09-22T15-30-44-01a0c1dc-ee14-7193-8934-2624996d29f1_01a0c806-33c1-7e71-8ffe-101823354b27.jsonl,538ffa34e9e3fba11e77324efb8caa282f67e23b9377cd07246589e97dcd41cd,2747120,81
01a0c1dc-ee14-7193-8934-2624996d29f1,${HOME}/.codex/sessions/2026/09/22/rollout-2026-09-22T17-10-14-01a0c1dc-ee14-7193-8934-2624996d29f1_01a0c861-4b07-7c92-aeaa-833e2384d521.jsonl,38ea23f02fc43afcd8d84739eee6ae06894c3418a8a94c5bc9aca997ec20e493,1169311,47
01a0c887-1b66-71d3-90cd-682c01e858b3,${HOME}/.codex/sessions/2026/09/22/rollout-2026-09-22T17-51-32-01a0c887-1b66-71d3-90cd-682c01e858b3.jsonl,eca9f76b13885ccf2e1c20f1256256d94c635426cf4876c9f42e2564cc1387ee,288253,10
01a0c1dc-ee14-7193-8934-2624996d29f1,${HOME}/.codex/sessions/2026/09/22/rollout-2026-09-22T18-12-54-01a0c1dc-ee14-7193-8934-2624996d29f1_01a0c89a-aac8-7171-bf3b-f40e995b2336.jsonl,d77fde6479b84e9217d3ece01d660ddc94b6e79b5806b4bdcaf633b03ed365e4,744795,11
01a0c1dc-ee14-7193-8934-2624996d29f1,${HOME}/.codex/sessions/2026/09/22/rollout-2026-09-22T18-24-44-01a0c1dc-ee14-7193-8934-2624996d29f1_01a0c8a5-7efb-76b1-bf46-1726c82b924f.jsonl,a7e0212061a2453cace4c7002a77de2c6f6f075838d287fde2ca1f1d5f806521,4021139,69
01a0c1dc-ee14-7193-8934-2624996d29f1,${HOME}/.codex/sessions/2026/09/22/rollout-2026-09-22T20-07-06-01a0c1dc-ee14-7193-8934-2624996d29f1_01a0c903-3662-7e73-8419-77a678188d25.jsonl,4d3ade93b69972631a0ad08bb4fc132c6fd685d94480168e65567248c495417e,25058,2
01a0c1dc-ee14-7193-8934-2624996d29f1,${HOME}/.codex/sessions/2026/09/22/rollout-2026-09-22T20-07-29-01a0c1dc-ee14-7193-8934-2624996d29f1_01a0c903-9061-7dd3-920b-011441658a2c.jsonl,2a1206aea1814dd0d90affa3db5793d55b8cd7d2060f3c55308c481101aca851,1869659,54
01a0c1dc-ee14-7193-8934-2624996d29f1,${HOME}/.codex/sessions/2026/09/22/rollout-2026-09-22T21-18-08-01a0c1dc-ee14-7193-8934-2624996d29f1_01a0c944-3fa5-7962-ac05-a09396398f81.jsonl,9d15c7e1db82f1cb14646ddfc32ac3708213692c0035e70a7e3f2e0e9d7d1c20,3396767,59
01a0c1dc-ee14-7193-8934-2624996d29f1,${HOME}/.codex/sessions/2026/09/22/rollout-2026-09-22T22-47-45-01a0c1dc-ee14-7193-8934-2624996d29f1_01a0c996-4d5d-70e1-814e-ea2a79a17004.jsonl,26cd8de16b9feddc9640a12763cb46e195af7dcd7358613681da573d3f404549,2858463,33
01a0c1dc-ee14-7193-8934-2624996d29f1,${HOME}/.codex/sessions/2026/09/23/rollout-2026-09-23T00-28-49-01a0c1dc-ee14-7193-8934-2624996d29f1_01a0c9f2-d396-70f2-8fcd-219c1ea4026d.jsonl,fae67df21b9aaac9012affade4413dacc9ef66aa439d4d5038d1857a11409953,2250416,16
01a0c1dc-ee14-7193-8934-2624996d29f1,${HOME}/.codex/sessions/2026/09/23/rollout-2026-09-23T01-07-06-01a0c1dc-ee14-7193-8934-2624996d29f1_01a0ca15-e1e9-7ee0-8571-e1f76a743f64.jsonl,a96dcf06b036e1aabf2268c421f3de1da4896bba0a5aae738323620919db8c65,1123502,24
01a0c1dc-ee14-7193-8934-2624996d29f1,${HOME}/.codex/sessions/2026/09/23/rollout-2026-09-23T09-33-44-01a0c1dc-ee14-7193-8934-2624996d29f1_01a0cbe5-b7bd-7e72-b0d4-0ba5c874308f.jsonl,b93c5daffc6ecf016876f83c63dbdc1ec14e193675adf6c8de819d417538ee10,173875,5
01a0c1dc-ee14-7193-8934-2624996d29f1,${HOME}/.codex/sessions/2026/09/23/rollout-2026-09-23T09-56-02-01a0c1dc-ee14-7193-8934-2624996d29f1_01a0cbfa-216c-7eb3-96e9-7e4ca99954e8.jsonl,1cd16069d7140b2472c0f492ceb341d63112e0e7bab41aef6dbae06ca3e6bfe3,91119,3
01a0cbfe-15e0-72c0-ae48-f88cc8696ef4,${HOME}/.codex/sessions/2026/09/23/rollout-2026-09-23T10-00-21-01a0cbfe-15e0-72c0-ae48-f88cc8696ef4.jsonl,af17361614430d98188712c25d2a3e5a3806b7a51b7e7aa51101771f05c4ee07,108408,2
01a0cbfe-15e0-72c0-ae48-f88cc8696ef4,${HOME}/.codex/sessions/2026/09/23/rollout-2026-09-23T10-03-43-01a0cbfe-15e0-72c0-ae48-f88cc8696ef4_01a0cc01-2834-7f31-87be-6d11d1f01879.jsonl,51a4b81b1fb0c0f4e54a5d9e58d44ec9d5e28a231be8c1072c20bd837f5cf292,27112,1
01a0cbfe-15e0-72c0-ae48-f88cc8696ef4,${HOME}/.codex/sessions/2026/09/23/rollout-2026-09-23T10-04-56-01a0cbfe-15e0-72c0-ae48-f88cc8696ef4_01a0cc02-487b-77b2-9395-32576141e0fd.jsonl,381661269d9538e0ef4c19af6721d2d00fef5151255b0b068e5780aab83c5f01,21888,1
01a0cbfe-15e0-72c0-ae48-f88cc8696ef4,${HOME}/.codex/sessions/2026/09/23/rollout-2026-09-23T10-06-00-01a0cbfe-15e0-72c0-ae48-f88cc8696ef4_01a0cc03-41ab-76e0-af8e-1cffdcb1d1b6.jsonl,6bc0db12c839804c8b4240e6437756f6ab09a50ca592e21170cdacc19c1a676c,2299518,15
01a0cc11-51c7-7c81-b820-6d853cbc9f84,${HOME}/.codex/sessions/2026/09/23/rollout-2026-09-23T10-21-22-01a0cc11-51c7-7c81-b820-6d853cbc9f84.jsonl,47019538bde06ded84785c7d6ecac1c8bf8ff711226918e7e1f69799993502f4,11785383,255
01a0cc21-7405-7fd3-9439-a0e36a836cbd,${HOME}/.codex/sessions/2026/09/23/rollout-2026-09-23T10-38-59-01a0cc21-7405-7fd3-9439-a0e36a836cbd.jsonl,e206c1fccb917f1479a62ef4536ac6fb234021ab160616b707b3e610c8c2de54,69520,3
01a0cbfe-15e0-72c0-ae48-f88cc8696ef4,${HOME}/.codex/sessions/2026/09/23/rollout-2026-09-23T10-42-16-01a0cbfe-15e0-72c0-ae48-f88cc8696ef4_01a0cc24-7620-79e0-ad06-b4cfaf657ed7.jsonl,b69a24f8a9bf1788329b8e0fd196da4a2c6f099e23e1b6badeeff20338e392fc,26648,2
01a0cbfe-15e0-72c0-ae48-f88cc8696ef4,${HOME}/.codex/sessions/2026/09/23/rollout-2026-09-23T10-42-27-01a0cbfe-15e0-72c0-ae48-f88cc8696ef4_01a0cc24-9e67-7ae1-9a60-42fe08865256.jsonl,5bb415e1262683ad0008281d32f88342440544baf119ec177489dc2a32059ab1,4839098,62
01a0ccef-ad5a-7b93-8114-5d43f9a199fb,${HOME}/.codex/sessions/2026/09/23/rollout-2026-09-23T14-24-14-01a0ccef-ad5a-7b93-8114-5d43f9a199fb.jsonl,ca000fa4e06a4d360a20eb1e760c53572c96231ed5c4ea1958726e5cea5d6b5d,293831,19
01a0cbfe-15e0-72c0-ae48-f88cc8696ef4,${HOME}/.codex/sessions/2026/09/23/rollout-2026-09-23T18-44-26-01a0cbfe-15e0-72c0-ae48-f88cc8696ef4_01a0cddd-e3af-7080-90ca-3ebd896c5aa9.jsonl,da871910a3667ef4d34d40781e3d9b95cb8eef6ab93e50ad568a1e40bc481b2c,6579229,17
01a0cdf6-58a9-7bc0-b9d6-6ed8bf5e10b0,${HOME}/.codex/sessions/2026/09/23/rollout-2026-09-23T19-11-08-01a0cdf6-58a9-7bc0-b9d6-6ed8bf5e10b0.jsonl,e44f92adc1c4c859844ff23dd908baddcc60bfeb3c65c9199e00b83c062d7899,10428320,271
01a0ce18-d842-7c12-aadc-cc801e3d47c5,${HOME}/.codex/sessions/2026/09/23/rollout-2026-09-23T19-48-49-01a0ce18-d842-7c12-aadc-cc801e3d47c5.jsonl,c541eb1c8e8d5f25df530042953463fcc52a39aba37dcf1bb764308eb164030a,12421887,329
01a0ced9-7e49-7ff2-955a-523898f8879c,${HOME}/.codex/sessions/2026/09/23/rollout-2026-09-23T23-19-15-01a0ced9-7e49-7ff2-955a-523898f8879c.jsonl,ca7b4550c84d2bd40317154f5dcdf96f7d710a76f0a318aa5763dc70b6171a4e,14336639,393
01a0cf12-a9bc-7ec1-8aeb-bcb93203331b,${HOME}/.codex/sessions/2026/09/24/rollout-2026-09-24T00-21-41-01a0cf12-a9bc-7ec1-8aeb-bcb93203331b.jsonl,446542cfaad957d0a8fa52e9c46996ff4c9a4fbc6c63bc88aef8e8f96ff41345,314150,5
01a0d142-69ed-7da2-bc66-6d33751c769d,${HOME}/.codex/sessions/2026/09/24/rollout-2026-09-24T10-33-05-01a0d142-69ed-7da2-bc66-6d33751c769d.jsonl,8ddabf42af1a2d50c1a3247a5c2e828e0f186fdd838a42be5b0e895665228ab4,13632111,392
01a0d313-3cd0-7110-885f-7526e26bf769,${HOME}/.codex/sessions/2026/09/24/rollout-2026-09-24T19-00-48-01a0d313-3cd0-7110-885f-7526e26bf769.jsonl,b37c4578bb566f967a8ae81361da78f621d62f6350f5027174aa4efcda3ab27c,4328134,189
01a0d365-07c5-7421-88dd-0edc4fc27b5d,${HOME}/.codex/sessions/2026/09/24/rollout-2026-09-24T20-30-08-01a0d365-07c5-7421-88dd-0edc4fc27b5d.jsonl,33debb5a5a709f8a1d4b65efdb51ec1751b6022d87b5566959f15b5ea5562ca4,1771160,66
01a0d3c1-8e8e-7b12-a052-67418c2bbb0c,${HOME}/.codex/sessions/2026/09/24/rollout-2026-09-24T22-11-12-01a0d3c1-8e8e-7b12-a052-67418c2bbb0c.jsonl,365691bcf1924645dea635532032b86aa06fe48a51bb87f7fbb18a531a727d81,936537,56
01a0d3c1-dff2-7cd1-8cb6-292f4345ddb9,${HOME}/.codex/sessions/2026/09/24/rollout-2026-09-24T22-11-33-01a0d3c1-dff2-7cd1-8cb6-292f4345ddb9.jsonl,09751024b8609c8d3501b1fa0cb7ffbff7978217c94a2f80742767080e979529,877250,56
01a0d3c2-8a36-71a2-9230-ea212f1548a2,${HOME}/.codex/sessions/2026/09/24/rollout-2026-09-24T22-12-17-01a0d3c2-8a36-71a2-9230-ea212f1548a2.jsonl,118e097f57c5adb316f48694fb309bca54425fc611f27f0682045e072fb7c028,365189,5
01a0e108-4ef6-7ca2-bf31-ed906f962c44,${HOME}/.codex/sessions/2026/09/27/rollout-2026-09-27T12-03-33-01a0e108-4ef6-7ca2-bf31-ed906f962c44.jsonl,03457c6386332778df05b12a6cf23b2718af19a9037432902064e44498fb1444,79007,4
01a0e109-bfd5-7fe3-965c-f3fbb79f4a9d,${HOME}/.codex/sessions/2026/09/27/rollout-2026-09-27T12-05-07-01a0e109-bfd5-7fe3-965c-f3fbb79f4a9d.jsonl,8dbbf0f435a33706d7c41f3ce0b9f94668ff080858c8e85f93535591ba95ac2c,5498978,77
01a0e16c-2a99-71b3-be61-fa60d0589053,${HOME}/.codex/sessions/2026/09/27/rollout-2026-09-27T13-52-37-01a0e16c-2a99-71b3-be61-fa60d0589053.jsonl,35e7b600db5f9001b18ab8f862c054998fc4438096c405550866220863cf9019,6394376,118
01a0e1b5-f71b-76f2-8098-28867480ea3f,${HOME}/.codex/sessions/2026/09/27/rollout-2026-09-27T15-13-14-01a0e1b5-f71b-76f2-8098-28867480ea3f.jsonl,d3497e11418bde9c2f766cc860fd6a69ac78e3a3c7eecac2491e82ac45badbfa,10016874,206
01a0e333-30a6-7892-8e16-b913f6b30551,${HOME}/.codex/sessions/2026/09/27/rollout-2026-09-27T22-09-37-01a0e333-30a6-7892-8e16-b913f6b30551.jsonl,23d00bd25449e6eef8af351ab6f0b6d0665ba3c21e5b02809312b084403651a5,5268019,72
01a0e601-e597-7021-a37d-cba8c8001455,${HOME}/.codex/sessions/2026/09/28/rollout-2026-09-28T11-14-39-01a0e601-e597-7021-a37d-cba8c8001455.jsonl,f9d70a49c982b25888a7045e67e9b586cff122b1a2ac8684840f672214b298f7,274968,7
01a0e333-30a6-7892-8e16-b913f6b30551,${HOME}/.codex/sessions/2026/09/28/rollout-2026-09-28T11-48-54-01a0e333-30a6-7892-8e16-b913f6b30551_01a0e621-420a-78e1-a3f8-b613a274f8e2.jsonl,2695f6c02f8039aec8128826a0d6a74318b2e23b563d9d5424a89bdaa421844e,17344174,156
01a0e734-0c4a-7fd3-baec-7f50319270f5,${HOME}/.codex/sessions/2026/09/28/rollout-2026-09-28T16-49-03-01a0e734-0c4a-7fd3-baec-7f50319270f5.jsonl,dfe019f1d34a058aa44209c6a62978711018ce3d6d7be9e6a4ca72d19afb48cb,27809,2
01a0e735-c392-78d3-a2b3-c4455da6acee,${HOME}/.codex/sessions/2026/09/28/rollout-2026-09-28T16-50-55-01a0e735-c392-78d3-a2b3-c4455da6acee.jsonl,afb5fe851cf3a9793c17093bcf465ae983929edc4279c441d81543c43d8afb6e,7395385,364
01a0eb62-b3e9-7600-a52c-50f4fa72b8c8,${HOME}/.codex/sessions/2026/09/29/rollout-2026-09-29T12-18-29-01a0eb62-b3e9-7600-a52c-50f4fa72b8c8.jsonl,407e3403fd36149d290159b577138085c38db7e2d8acee1947180278ed46d954,5960969,70
01a0eb62-b3e9-7600-a52c-50f4fa72b8c8,${HOME}/.codex/sessions/2026/09/29/rollout-2026-09-29T14-44-06-01a0ebe8-0332-7331-bdec-3cb94a29e51d.jsonl,c13716b6e3d045732ffab38ee0b7fb279770e4dca9009d9996ba25e036cf1dbe,6810927,92
