source_path,source_sha256,canonical_path,duplicate
${HOME}/git/quantization/QuantX-QMT-qmt-mac/docs/QUANTX_DESIGN.md,1c11e96dc039c491b07bbf360e342ba4ddd3755442838d53def64b24a7b8a645,experiments/qmt/QUANTX_DESIGN.md,False
${HOME}/git/quantization/QuantX-QMT-qmt-mac/docs/SHUIJIAO_BACKTEST_README.md,cf9fd6147d0e9fc2f9b2ae1f44d47b08d04b804e1295ed0d0fe383f86f290a21,experiments/qmt/SHUIJIAO_BACKTEST_README.md,False
${HOME}/git/quantization/QuantX-QMT-qmt-mac/docs/development/00_OVERVIEW.md,270902cb328dfb73a568a3bb567f80dced0bc02ac7faf671a5f2676422354192,experiments/qmt/development/00_OVERVIEW.md,False
${HOME}/git/quantization/QuantX-QMT-qmt-mac/docs/development/01_DATA_LAYER.md,21c2df7c0b5eb592d68619c2ea151daa9894ba526490e6e709fcff0e5f59804f,experiments/qmt/development/01_DATA_LAYER.md,False
${HOME}/git/quantization/QuantX-QMT-qmt-mac/docs/development/02_FACTOR_LAYER.md,4122ab6db6e78fb9871ddb0b8ac98e9cbe98090a565a2468aed5c4364082409f,experiments/qmt/development/02_FACTOR_LAYER.md,False
${HOME}/git/quantization/QuantX-QMT-qmt-mac/docs/development/03_BACKTEST_ENGINE.md,8e20ddf37e52616699eb493fa83a89038080517d33ba9c8fd55efca9fdf984b0,experiments/qmt/development/03_BACKTEST_ENGINE.md,False
${HOME}/git/quantization/QuantX-QMT-qmt-mac/docs/development/04_STRATEGY_LAYER.md,1a79c161bc80779ed51be97011e1885e87ddbcd53728c12abb29e430e0cefffc,experiments/qmt/development/04_STRATEGY_LAYER.md,False
${HOME}/git/quantization/QuantX-QMT-qmt-mac/docs/development/05_PORTFOLIO_LAYER.md,4d205f93a102ed75e8ff8e611d9fe0ddafb56731e1e639fe44efa57d311a9a6e,experiments/qmt/development/05_PORTFOLIO_LAYER.md,False
${HOME}/git/quantization/QuantX-QMT-qmt-mac/docs/development/06_ANALYSIS_LAYER.md,99f2cae47af67c4774a160945dc0dc2a8683a7dbfab7d7acb96bf01aa5a5bc28,experiments/qmt/development/06_ANALYSIS_LAYER.md,False
${HOME}/git/quantization/QuantX-QMT-qmt-mac/docs/development/07_TOOLS_LAYER.md,26ed3b0ca36c909564e999ea42ced35fc75bf06db849518f5f8cb47dd3c70d6f,experiments/qmt/development/07_TOOLS_LAYER.md,False
${HOME}/git/quantization/QuantX-QMT-qmt-mac/docs/development/08_TESTING_PLAN.md,a015afe07c8e7856b3ed75cdcd3c889cf9397cafe99de1243b8cddf30fcd0adf,experiments/qmt/development/08_TESTING_PLAN.md,False
${HOME}/git/quantization/QuantX-QMT-qmt-mac/docs/development/09_DYNAMIC_FACTOR_RUNTIME_FIX_PLAN.md,c25c475e4f47efd9b40e289a3dd072d1c32bec85bfe1bb3b90b62dae7a6f141a,experiments/qmt/development/09_DYNAMIC_FACTOR_RUNTIME_FIX_PLAN.md,False
${HOME}/git/quantization/QuantX-QMT-qmt-mac/docs/development/10_CONFIG_DRIVEN_STRATEGY_DESIGN.md,6b9a3841021a548b8116fd9eaed5e1d405e40669c4eabfb8163c8610255eb32b,experiments/qmt/development/10_CONFIG_DRIVEN_STRATEGY_DESIGN.md,False
${HOME}/git/quantization/QuantX-QMT-qmt-mac/docs/development/11_VISUALIZATION_AGENT_SYSTEM.md,59d191d58e15fea79675f3697779d0aa42b39ad2acbbb2a06c9bef9d09ca4b5d,experiments/qmt/development/11_VISUALIZATION_AGENT_SYSTEM.md,False
${HOME}/git/quantization/QuantX-QMT-qmt-mac/docs/development/12_META_INDUSTRY_CONFIG_DESIGN.md,609ce180f7d71638651f46d48b909b45e9220f56cd315dc04bb16c23b322d899,experiments/qmt/development/12_META_INDUSTRY_CONFIG_DESIGN.md,False
${HOME}/git/quantization/QuantX-QMT-qmt-mac/docs/development/13_QUANTX_AGENT_SKILL_DESIGN.md,73d5d3f0ed34648ccaa4a68bc9c8b45fbfadbd5fb756ce56b3f7fe664ae9f607,experiments/qmt/development/13_QUANTX_AGENT_SKILL_DESIGN.md,False
${HOME}/git/quantization/QuantX-QMT-qmt-mac/docs/development/14_STRATEGY_SEARCH_2020_2026_RESULTS.md,11f2a08921bcf3974f6012b3d1c919386a437966a645a6b0034c7a40eb228358,experiments/qmt/development/14_STRATEGY_SEARCH_2020_2026_RESULTS.md,False
${HOME}/git/quantization/QuantX-QMT-qmt-mac/docs/development/15_SCHEDULED_DAILY_PRODUCTION_DESIGN.md,aee68a57bb9e1ec51e640a7deb2e98f5d083aebf5fcbd95e8627fcace40b0b49,experiments/qmt/development/15_SCHEDULED_DAILY_PRODUCTION_DESIGN.md,False
${HOME}/git/quantization/QuantX-QMT-qmt-mac/docs/development/16_TRADE_PATTERN_ML_ANALYSIS_DESIGN.md,2451de8f4789277d927ff8dca5be3a74e3c5dd19d604a7851371c073632829a7,experiments/qmt/development/16_TRADE_PATTERN_ML_ANALYSIS_DESIGN.md,False
${HOME}/git/quantization/QuantX-QMT-qmt-mac/docs/development/17_WUFU_ETF_STRICT_DAILY_REWRITE.md,70b95ebff0fd6e8f6c776a21d785131b44989d304c118b140222dfc93d291d65,experiments/qmt/development/17_WUFU_ETF_STRICT_DAILY_REWRITE.md,False
${HOME}/git/quantization/QuantX-QMT-qmt-mac/docs/development/18_WUFU_DYNAMIC_THEME_POOL_EXPERIMENT.md,5ae07699a48d31600e8f238175102915760d5f41b58db748b61bd9c92c8da4ed,experiments/qmt/development/18_WUFU_DYNAMIC_THEME_POOL_EXPERIMENT.md,False
${HOME}/git/quantization/QuantX-QMT-qmt-mac/docs/development/19_UNIFIED_METHOD_RESEARCH_BACKTEST_DESIGN.md,f52e8b101d8b09a0177cecd4d6108e4ec67d56bee0412790b67c9752cb694468,experiments/qmt/development/19_UNIFIED_METHOD_RESEARCH_BACKTEST_DESIGN.md,False
${HOME}/git/quantization/QuantX-QMT-qmt-mac/docs/development/20_MARKET_WORLD_MODEL_DESIGN.md,1d3ae786dde74107d1633908da2af38edcdc3a59d29ff4e58cd37303189ebf3b,experiments/qmt/development/20_MARKET_WORLD_MODEL_DESIGN.md,False
${HOME}/git/quantization/QuantX-QMT-qmt-mac/docs/development/21_ALPHAMASTER_REFERENCE_INTEGRATION_DESIGN.md,30a982b97ffc0220346c3e035466d0b311d47f4b5944b67920ac7948770648e7,experiments/qmt/development/21_ALPHAMASTER_REFERENCE_INTEGRATION_DESIGN.md,False
${HOME}/git/quantization/QuantX-QMT-qmt-mac/docs/development/22_PATH_SEQUENCE_DAILY_OPERATIONS.md,4f9ccfb5fb358c44d2cda671fa6f13532a10786a17cac14da4f42b05cf500989,experiments/qmt/development/22_PATH_SEQUENCE_DAILY_OPERATIONS.md,False
${HOME}/git/quantization/QuantX-QMT-qmt-mac/docs/development/BAOSTOCK_QMT_ALIGNMENT_ROOT_CAUSE.md,1b6546d274a5b00f7eae15ffb202bb79d5d896b0894a5a298829dd29294f49b5,experiments/qmt/development/BAOSTOCK_QMT_ALIGNMENT_ROOT_CAUSE.md,False
${HOME}/git/quantization/QuantX-QMT-qmt-mac/docs/development/REVIEW_AND_IMPROVEMENTS.md,0108113f3e069d8d57b2578c477dd738339b3556f73373bd4f282f4fa8e4548b,experiments/qmt/development/REVIEW_AND_IMPROVEMENTS.md,False
${HOME}/git/quantization/QuantX-QMT-qmt-mac/docs/experiments/01_FULL_MARKET_LIGHTGBM_BASELINE.md,d7af3951315828897bd68f1277aa88ddf203a6e9208571b488acf82c7b209ad2,experiments/qmt/experiments/01_FULL_MARKET_LIGHTGBM_BASELINE.md,False
${HOME}/git/quantization/QuantX-QMT-qmt-mac/docs/experiments/02_ROBUSTNESS_AND_REGIME_STUDY.md,cdd72faf4a0625b39cae3f5b835ced869444fd7466081c4eae33d76759b8dba3,experiments/qmt/experiments/02_ROBUSTNESS_AND_REGIME_STUDY.md,False
${HOME}/git/quantization/QuantX-QMT-qmt-mac/docs/experiments/03_REPRODUCIBILITY_AND_EVIDENCE.md,71829c44c741e046777c7d69f08d8949bb8b87c8e995c957e7e6fce9ee56b50f,experiments/qmt/experiments/03_REPRODUCIBILITY_AND_EVIDENCE.md,False
${HOME}/git/quantization/QuantX-QMT-qmt-mac/docs/experiments/04_INDUSTRY_CONCEPT_ROTATION_ALPHA.md,1859fa991fba5b1e8974a4edabd2f2cc2027676f2a62e0a684e8f57522a97d68,experiments/qmt/experiments/04_INDUSTRY_CONCEPT_ROTATION_ALPHA.md,False
${HOME}/git/quantization/QuantX-QMT-qmt-mac/docs/experiments/05_DEEP_LEARNING_ALPHA_SEARCH.md,06c5e03c4bd2491abb0aacd2dd17ef3daeb28bdd46f8dd16fe1a5ba17c726e24,experiments/qmt/experiments/05_DEEP_LEARNING_ALPHA_SEARCH.md,False
${HOME}/git/quantization/QuantX-QMT-qmt-mac/docs/experiments/06_QMT_MARKET_RISK_CROSS_SECTIONAL_FACTOR_MINING.md,2824e329802bbd9fa92a4428152442e89dc207eb24a40bbb07aabeab35b0de61,experiments/qmt/experiments/06_QMT_MARKET_RISK_CROSS_SECTIONAL_FACTOR_MINING.md,False
${HOME}/git/quantization/QuantX-QMT-qmt-mac/docs/experiments/07_ACTIVE_VALUE_BRICK_REPRODUCTION_NOTES.md,9ec4ef1c0be1a8828a2ad568aa50458a3cc552a6a20e9288de4c69b6dd1e8b2f,experiments/qmt/experiments/07_ACTIVE_VALUE_BRICK_REPRODUCTION_NOTES.md,False
${HOME}/git/quantization/QuantX-QMT-qmt-mac/docs/experiments/08_RELATIVE_TREND_FLOW_MATCHING_DIFFUSION.md,b237fdf052dc4da520f3fc4da1feb3fa3d6998980870f8d1f7ab962b0ad9ed1d,experiments/qmt/experiments/08_RELATIVE_TREND_FLOW_MATCHING_DIFFUSION.md,False
${HOME}/git/quantization/QuantX-QMT-qmt-mac/docs/experiments/09_KRONOS_CLASSIFICATION_SIGNAL_DESIGN.md,f586a6ae9428715e701f293d10159edd2058d962ce807cf9deb1c52ebdd8108c,experiments/qmt/experiments/09_KRONOS_CLASSIFICATION_SIGNAL_DESIGN.md,False
${HOME}/git/quantization/QuantX-QMT-qmt-mac/docs/experiments/10_KRONOS_MEMMAP_CLASSIFICATION_REPRODUCTION_PLAN.md,a86533e1df230c5f3a90386ca55d87fc5b533986b109ab7f5242de12eaa467b2,experiments/qmt/experiments/10_KRONOS_MEMMAP_CLASSIFICATION_REPRODUCTION_PLAN.md,False
${HOME}/git/quantization/QuantX-QMT-qmt-mac/docs/experiments/11_KRONOS_TRADE_INTERVAL_BUY_SIGNAL_ALPHA.md,12c5d5396b890aea1c7e5a2fc908ba6c842c7b8dd4b365438786da218646ebae,experiments/qmt/experiments/11_KRONOS_TRADE_INTERVAL_BUY_SIGNAL_ALPHA.md,False
${HOME}/git/quantization/QuantX-QMT-qmt-mac/docs/experiments/12_JEV_LIKE_SCALABLE_FINANCIAL_DECISION_MODEL.md,44665c541ccbac7add32c8e3d2961c8e563a5be000929068319c386fb801ec0f,experiments/qmt/experiments/12_JEV_LIKE_SCALABLE_FINANCIAL_DECISION_MODEL.md,False
${HOME}/git/quantization/QuantX-QMT-qmt-mac/docs/experiments/13_TEMPORAL_MARKET_STOCK_HEADS_V1.md,ed51ed1011fd5764953b8e2add1df4e10e7f419dd573119aaa2aae7da417e752,experiments/qmt/experiments/13_TEMPORAL_MARKET_STOCK_HEADS_V1.md,False
${HOME}/git/quantization/QuantX-QMT-qmt-mac/docs/experiments/14_H2_EVENT_GOOD_BAD_REWARD_V1.md,36495b1d357ee975a319437dc13f18308e31c75a6a3622b32667cb99b5276bd2,experiments/qmt/experiments/14_H2_EVENT_GOOD_BAD_REWARD_V1.md,False
${HOME}/git/quantization/QuantX-QMT-qmt-mac/docs/experiments/README.md,32432dc36ef1938eb6e852400de5be29490ebb37a7be952805b8175c75b96903,experiments/qmt/experiments/README.md,False
${HOME}/git/quantization/QuantX-QMT-qmt-mac/docs/experiments/assets/jev_e5_strategy_diagnostics_v1/README.md,77afa812648eda19e6bc2d571576767170a525ddffae87fdb6f6363146a83535,experiments/qmt/experiments/assets/jev_e5_strategy_diagnostics_v1/README.md,False
${HOME}/git/quantization/QuantX-QMT-qmt-mac/docs/experiments/assets/jev_market_fusion_visuals_v1/README.md,98202f2cae46bb5d0ee19dac0f3bf9c26c7e724e85a316336f3f39b720468e17,experiments/qmt/experiments/assets/jev_market_fusion_visuals_v1/README.md,False
${HOME}/git/quantization/QuantX-QMT-qmt-mac/docs/experiments/brick_v11_reproduction_2025_2026.md,f9f85cdc5f1742115e998933eb292d96443333e2cf5eff64d1194ba24edc5f34,experiments/qmt/experiments/brick_v11_reproduction_2025_2026.md,False
${HOME}/git/quantization/quantx/docs/QUANTX_DESIGN.md,1c11e96dc039c491b07bbf360e342ba4ddd3755442838d53def64b24a7b8a645,experiments/qmt/QUANTX_DESIGN.md,True
${HOME}/git/quantization/quantx/docs/SHUIJIAO_BACKTEST_README.md,cf9fd6147d0e9fc2f9b2ae1f44d47b08d04b804e1295ed0d0fe383f86f290a21,experiments/qmt/SHUIJIAO_BACKTEST_README.md,True
${HOME}/git/quantization/quantx/docs/development/00_OVERVIEW.md,92d2f5e1e0b91211288dff3c9f25a5482e07540114576ec4ff4029a8e21169ea,experiments/quantx/development/00_OVERVIEW.md,False
${HOME}/git/quantization/quantx/docs/development/01_DATA_LAYER.md,21c2df7c0b5eb592d68619c2ea151daa9894ba526490e6e709fcff0e5f59804f,experiments/qmt/development/01_DATA_LAYER.md,True
${HOME}/git/quantization/quantx/docs/development/02_FACTOR_LAYER.md,4122ab6db6e78fb9871ddb0b8ac98e9cbe98090a565a2468aed5c4364082409f,experiments/qmt/development/02_FACTOR_LAYER.md,True
${HOME}/git/quantization/quantx/docs/development/03_BACKTEST_ENGINE.md,8e20ddf37e52616699eb493fa83a89038080517d33ba9c8fd55efca9fdf984b0,experiments/qmt/development/03_BACKTEST_ENGINE.md,True
${HOME}/git/quantization/quantx/docs/development/04_STRATEGY_LAYER.md,1a79c161bc80779ed51be97011e1885e87ddbcd53728c12abb29e430e0cefffc,experiments/qmt/development/04_STRATEGY_LAYER.md,True
${HOME}/git/quantization/quantx/docs/development/05_PORTFOLIO_LAYER.md,4d205f93a102ed75e8ff8e611d9fe0ddafb56731e1e639fe44efa57d311a9a6e,experiments/qmt/development/05_PORTFOLIO_LAYER.md,True
${HOME}/git/quantization/quantx/docs/development/06_ANALYSIS_LAYER.md,99f2cae47af67c4774a160945dc0dc2a8683a7dbfab7d7acb96bf01aa5a5bc28,experiments/qmt/development/06_ANALYSIS_LAYER.md,True
${HOME}/git/quantization/quantx/docs/development/07_TOOLS_LAYER.md,26ed3b0ca36c909564e999ea42ced35fc75bf06db849518f5f8cb47dd3c70d6f,experiments/qmt/development/07_TOOLS_LAYER.md,True
${HOME}/git/quantization/quantx/docs/development/08_TESTING_PLAN.md,a015afe07c8e7856b3ed75cdcd3c889cf9397cafe99de1243b8cddf30fcd0adf,experiments/qmt/development/08_TESTING_PLAN.md,True
${HOME}/git/quantization/quantx/docs/development/09_DYNAMIC_FACTOR_RUNTIME_FIX_PLAN.md,c25c475e4f47efd9b40e289a3dd072d1c32bec85bfe1bb3b90b62dae7a6f141a,experiments/qmt/development/09_DYNAMIC_FACTOR_RUNTIME_FIX_PLAN.md,True
${HOME}/git/quantization/quantx/docs/development/10_CONFIG_DRIVEN_STRATEGY_DESIGN.md,6b9a3841021a548b8116fd9eaed5e1d405e40669c4eabfb8163c8610255eb32b,experiments/qmt/development/10_CONFIG_DRIVEN_STRATEGY_DESIGN.md,True
${HOME}/git/quantization/quantx/docs/development/11_VISUALIZATION_AGENT_SYSTEM.md,59d191d58e15fea79675f3697779d0aa42b39ad2acbbb2a06c9bef9d09ca4b5d,experiments/qmt/development/11_VISUALIZATION_AGENT_SYSTEM.md,True
${HOME}/git/quantization/quantx/docs/development/12_META_INDUSTRY_CONFIG_DESIGN.md,609ce180f7d71638651f46d48b909b45e9220f56cd315dc04bb16c23b322d899,experiments/qmt/development/12_META_INDUSTRY_CONFIG_DESIGN.md,True
${HOME}/git/quantization/quantx/docs/development/13_QUANTX_AGENT_SKILL_DESIGN.md,73d5d3f0ed34648ccaa4a68bc9c8b45fbfadbd5fb756ce56b3f7fe664ae9f607,experiments/qmt/development/13_QUANTX_AGENT_SKILL_DESIGN.md,True
${HOME}/git/quantization/quantx/docs/development/14_STRATEGY_SEARCH_2020_2026_RESULTS.md,11f2a08921bcf3974f6012b3d1c919386a437966a645a6b0034c7a40eb228358,experiments/qmt/development/14_STRATEGY_SEARCH_2020_2026_RESULTS.md,True
${HOME}/git/quantization/quantx/docs/development/15_SCHEDULED_DAILY_PRODUCTION_DESIGN.md,aee68a57bb9e1ec51e640a7deb2e98f5d083aebf5fcbd95e8627fcace40b0b49,experiments/qmt/development/15_SCHEDULED_DAILY_PRODUCTION_DESIGN.md,True
${HOME}/git/quantization/quantx/docs/development/16_TRADE_PATTERN_ML_ANALYSIS_DESIGN.md,2451de8f4789277d927ff8dca5be3a74e3c5dd19d604a7851371c073632829a7,experiments/qmt/development/16_TRADE_PATTERN_ML_ANALYSIS_DESIGN.md,True
${HOME}/git/quantization/quantx/docs/development/17_WUFU_ETF_STRICT_DAILY_REWRITE.md,70b95ebff0fd6e8f6c776a21d785131b44989d304c118b140222dfc93d291d65,experiments/qmt/development/17_WUFU_ETF_STRICT_DAILY_REWRITE.md,True
${HOME}/git/quantization/quantx/docs/development/18_WUFU_DYNAMIC_THEME_POOL_EXPERIMENT.md,5ae07699a48d31600e8f238175102915760d5f41b58db748b61bd9c92c8da4ed,experiments/qmt/development/18_WUFU_DYNAMIC_THEME_POOL_EXPERIMENT.md,True
${HOME}/git/quantization/quantx/docs/development/19_MINUTE_AE_REWARD_BASELINE_DESIGN.md,b7d41f91b5d738cba6a0616afc70be9ef7d2e9390b1b52bdef1349f053ab07ea,experiments/quantx/development/19_MINUTE_AE_REWARD_BASELINE_DESIGN.md,False
${HOME}/git/quantization/quantx/docs/development/20_RM_WTS_DUAL_SLEEVE_RESEARCH_LOG_20260929.md,d2f4c122ec9e49d37a18c4bd8988f4408299edae5734b4217239fab61a5c40e0,experiments/quantx/development/20_RM_WTS_DUAL_SLEEVE_RESEARCH_LOG_20260929.md,False
${HOME}/git/quantization/quantx/docs/development/REVIEW_AND_IMPROVEMENTS.md,0108113f3e069d8d57b2578c477dd738339b3556f73373bd4f282f4fa8e4548b,experiments/qmt/development/REVIEW_AND_IMPROVEMENTS.md,True
${HOME}/git/quantization/docs/minute_daily_cross_attention_reward_h7_design.md,8235a2680f96a9ab2e5fde6d84a7b1d6f6aebe98c7f942815afaac48832b4e1a,experiments/root/minute_daily_cross_attention_reward_h7_design.md,False
${HOME}/git/quantization/QuantX-reward/docs/README.md,bfa2683f4c38014c7e1fe518cda9615a1f73cd64d55a61ce56ea9f48813c21fd,experiments/reward/README.md,False
${HOME}/git/quantization/QuantX-reward/docs/architecture.md,a512ad62b6eb80649e4c0a17f726ef88e177a6b3efec5ec23439f9195d7a1dce,experiments/reward/architecture.md,False
${HOME}/git/quantization/QuantX-reward/docs/archive/FORMAL_MODEL_RESEARCH_PROTOCOL.md,4abb878a05dafe7d1449ffebf941dfb9e006dce149744d72fb692fdeb027c897,experiments/reward/archive/FORMAL_MODEL_RESEARCH_PROTOCOL.md,False
${HOME}/git/quantization/QuantX-reward/docs/archive/LOOP_PREFERENCE_EXPERIMENT.md,54ddde58002eb97cde4450cbc19ec04ec29ee7b6a88c796becc497d7c8beac91,experiments/reward/archive/LOOP_PREFERENCE_EXPERIMENT.md,False
${HOME}/git/quantization/QuantX-reward/docs/archive/README.md,9c002e2312e3980e80900221367f5b2c86b64993f912f4d3676c507db5fad738,experiments/reward/archive/README.md,False
${HOME}/git/quantization/QuantX-reward/docs/archive/RESEARCH_LOG_2026-07.md,7fa1b2e5f37d789aab2aebe31a207493b196e2d69e91166e15d82f3e60ee3be9,experiments/reward/archive/RESEARCH_LOG_2026-07.md,False
${HOME}/git/quantization/QuantX-reward/docs/data_and_reproduction.md,38482a90d98f21b50c37d130bbb856d499f12d1ef5cc60f296230635cd6c9f56,experiments/reward/data_and_reproduction.md,False
${HOME}/git/quantization/QuantX-reward/docs/decisions/2026-09-final-strategy.md,383ff2518b9803f04538dc91b7ad22fd0b19c7222a073f8ea507b2945ecba4ee,experiments/reward/decisions/2026-09-final-strategy.md,False
${HOME}/git/quantization/QuantX-reward/docs/decisions/conversation-derived-decisions.md,f23695d0b1bf5c8eac506ea1f13790f8d5448c0166cc35e01d4e632fca223d7a,experiments/reward/decisions/conversation-derived-decisions.md,False
${HOME}/git/quantization/QuantX-reward/docs/research/accepted-results.md,afe1c33b075e84f0ea13849fe6d43b11b28c545360bc6c2ee5d69bd8ed0eb045,experiments/reward/research/accepted-results.md,False
${HOME}/git/quantization/QuantX-reward/docs/research/experiment-index.md,184c26f1d3efe71c6a2780c9895e9fed2e5a62f824f50a6ba49f0b936bf55c11,experiments/reward/research/experiment-index.md,False
${HOME}/git/quantization/QuantX-reward/docs/research/methodology-corrections.md,135741850f6c166377cb49af62ac7bbeefdf2864097ea11a1792b2af7498e7e1,experiments/reward/research/methodology-corrections.md,False
${HOME}/git/quantization/QuantX-reward/docs/research/rejected-attempts.md,e5ed2fdf342beba040a0995e391d48c9bea0e7b85159829eb8ba17d0e897d78f,experiments/reward/research/rejected-attempts.md,False
${HOME}/git/quantization/QuantX-reward/docs/research/weak-to-strong-pattern-diagnostic.md,8d2cf3b99a312b93ac92d6d6d8f53702f8e243aa7a3f6cfe8a0ed5b9f39a76e1,experiments/reward/research/weak-to-strong-pattern-diagnostic.md,False
${HOME}/git/quantization/QuantX-reward/docs/reward_model.md,4696df6f27c0955dcfd5ee1cb6e49300b5d26185452a209bee451ad17ad11914,experiments/reward/reward_model.md,False
${HOME}/git/quantization/QuantX-reward/docs/strategies/quarterly-dual-sleeve.md,389381bfa59fbc3c682c6733d338ff21c3c94a77ebb6cac1886d87e297004160,experiments/reward/strategies/quarterly-dual-sleeve.md,False
${HOME}/git/quantization/QuantX-reward/docs/strategies/reward-h15.md,df5b14b8aadb2855a9c126ef2627af3ad5c30a0fa0d2b7c6a495cbfd5202bd55,experiments/reward/strategies/reward-h15.md,False
${HOME}/git/quantization/QuantX-reward/docs/strategies/reward-h2-event.md,d0f7f3a89f984849f33c02dc05102546fc82c1855688d4b739288df42b3d31c3,experiments/reward/strategies/reward-h2-event.md,False
${HOME}/git/quantization/QuantX-reward/docs/strategies/reward-h7-runner.md,0d26689ca06099c49fd8b71b66b77fdc5825d423e9ecdc3bd2e9a27fa9a45418,experiments/reward/strategies/reward-h7-runner.md,False
${HOME}/git/quantization/QuantX-reward/docs/strategies/static-sleeve-wts3-reward5.md,818bcad1dc9adb047137e80eca9423025b03fe293a1680522c4eb8f17f6177ae,experiments/reward/strategies/static-sleeve-wts3-reward5.md,False
${HOME}/git/quantization/QuantX-reward/docs/strategies/static-sleeve.md,1925a8f4970a52514c058ffe567fbf2d0fc6a59bb8f3e70e8b3e9fe74e87e183,experiments/reward/strategies/static-sleeve.md,False
${HOME}/git/quantization/QuantX-reward/docs/strategies/weak-to-strong.md,84ed003d55be076e080040d7903f06c7336a455b0465a24f10f1d2c0c266d241,experiments/reward/strategies/weak-to-strong.md,False
${HOME}/git/quantization/QuantX-reward/docs/strategies_and_results.md,7b4ccb773b8b2dd5eff796bbcafbc6271bf5993acb25d90f5f658e8ee8a68973,experiments/reward/strategies_and_results.md,False
${HOME}/git/quantization/QuantX-reward/docs/system/ae-design.md,7a2b6a71263fb892c506bd28a3cdcb7a77f4e342a7a1d8d05ad8bc44541d4379,experiments/reward/system/ae-design.md,False
${HOME}/git/quantization/QuantX-reward/docs/system/architecture.md,3a242e64d70e914bd4b1440f09e92df69672a36841ecf053a31d131df99080fa,experiments/reward/system/architecture.md,False
${HOME}/git/quantization/QuantX-reward/docs/system/data-contract.md,a30b2af28503a017ce1f9122392106c4f64744eadee4685e2fa2bfbecce229ca,experiments/reward/system/data-contract.md,False
${HOME}/git/quantization/QuantX-reward/docs/system/feature-contract.md,97f6bbc905aa21f97c1faf3335cc31b479c8dc947387d1e8be4fafc342258ef8,experiments/reward/system/feature-contract.md,False
${HOME}/git/quantization/QuantX-reward/docs/system/reward-model-contract.md,00da8d45f04b07837451985069ac97d3321ac2b243074e11c43a06367ccb07a6,experiments/reward/system/reward-model-contract.md,False
${HOME}/git/quantization/myquant-clean/OPTIMIZATION_V2.md,b8fb890d4025f26dc82841af22daa05b77fbef92b699160564cc81d2f0e582c1,experiments/legacy_myquant_clean/OPTIMIZATION_V2.md,False
${HOME}/git/quantization/myquant-clean/README_BACKTEST_V2.md,f0fdeaa4f12a46b188a0e5fa3b055c9d2b6394002868993ff6e7cc728461ba10,experiments/legacy_myquant_clean/README_BACKTEST_V2.md,False
${HOME}/git/quantization/myquant-clean/README_RL.md,48a2453e545a806ced940f09894e3e05485b8a23fd0b9f564a529e898e7785c1,experiments/legacy_myquant_clean/README_RL.md,False
${HOME}/git/quantization/myquant-clean/README_selector_strategy.md,fccb56d76b32abf69ef4585679e1be9eeb28011c6d9bd1c7221350432e570730,experiments/legacy_myquant_clean/README_selector_strategy.md,False
${HOME}/git/quantization/myquant-clean/REFACTORING_SUMMARY.md,b245f4a7a2cdd33ba875139b6507d48e6fba4c01679bb65ca8bbea25eed897d8,experiments/legacy_myquant_clean/REFACTORING_SUMMARY.md,False
${HOME}/git/quantization/myquant-clean/auto_factor_mining/README.md,76d974248029b88cc271ee4107591f924cd02679d251ffbb5bf0db1f45541db0,experiments/legacy_myquant_clean/auto_factor_mining/README.md,False
${HOME}/git/quantization/myquant-clean/auto_factor_mining/prompts/factor_generation.txt,d2deee9f0be2cd2ec91f6d3573e5a085fca75e7d6e6b06bb24f333da2e0f352f,experiments/legacy_myquant_clean/auto_factor_mining/prompts/factor_generation.txt,False
${HOME}/git/quantization/myquant-clean/backtrade_v2/ARCHITECTURE.md,182f0fad6a2c5a0f32720d726f6290197f9d6b21dae56779a51c416141f87f83,experiments/legacy_myquant_clean/backtrade_v2/ARCHITECTURE.md,False
${HOME}/git/quantization/myquant-clean/backtrade_v2/INDEX.md,47570f1c99891c88398b41c75c7e6b7d1f20b76b506638a33af740b853ceb59a,experiments/legacy_myquant_clean/backtrade_v2/INDEX.md,False
${HOME}/git/quantization/myquant-clean/backtrade_v2/QUICKSTART.md,67f2d78bf465f815d42a00e1ca525a9f286d6e3811aa50432ce70ae12e6fb39c,experiments/legacy_myquant_clean/backtrade_v2/QUICKSTART.md,False
${HOME}/git/quantization/myquant-clean/backtrade_v2/README.md,432d837072e745fd93d86e18e574a7d0c2b0fb10847fa070eee5b40aa62bf42f,experiments/legacy_myquant_clean/backtrade_v2/README.md,False
${HOME}/git/quantization/myquant-rl/README_TRAIN.md,5386af1e17b59e4f6196a6d98c2fea12cb25290ead00b6989cee0c7d661edd29,experiments/legacy_myquant_rl/README_TRAIN.md,False
${HOME}/git/quantization/myquant-rl/train/README.md,ccd860e24699081740a208b4b992e1248ecc359395a4b96c5d7e57024a270049,experiments/legacy_myquant_rl/train/README.md,False
${HOME}/git/quantization/myquant-strategy/baostock_backtest/README.md,e433046ec043e40fd7f98d59d92cd447a7073313c2ab66d78351c28a36d3a653,experiments/legacy_myquant_strategy/baostock_backtest/README.md,False
${HOME}/git/quantization/myquant-strategy/baostock_clean/README.md,c98cbfd0d9b3c4429f402070638e37418088aadce3ccf6f5e20d41deb69a032b,experiments/legacy_myquant_strategy/baostock_clean/README.md,False
${HOME}/git/quantization/myquant-strategy/outputs/ablation_fusion_summary_all_runs.md,6b368bdb9df6b18695ccfdf1fb578e22fe85ab955f3ddc8f63aeddf9c123a57c,experiments/legacy_myquant_strategy/outputs/ablation_fusion_summary_all_runs.md,False
${HOME}/git/quantization/myquant-strategy/outputs/ablation_fusion_summary_all_runs_v2.md,cde6332fdc87e0ee0b79083af6cd637947d96e233f0a5c51aea6fc01aad58377,experiments/legacy_myquant_strategy/outputs/ablation_fusion_summary_all_runs_v2.md,False
${HOME}/git/quantization/myquant-strategy/outputs/ablation_run1/BEST_STRATEGY.md,bbbeb63428a21cf575412a3624584a45a994c69523ed3aef76a73176eab966a8,experiments/legacy_myquant_strategy/outputs/ablation_run1/BEST_STRATEGY.md,False
${HOME}/git/quantization/myquant-strategy/outputs/fusion_regime_stats_run3.md,d8e56076e89109ed99541e76e1fb18dbba007cb233af23bee1fa9358526c09b6,experiments/legacy_myquant_strategy/outputs/fusion_regime_stats_run3.md,False
${HOME}/git/quantization/myquant-strategy/outputs/shuijiao_bear_optimization_report.md,e42d2af8f93ab1774f3a208235f84efd176cdf51f7620113171f9395b8214666,experiments/legacy_myquant_strategy/outputs/shuijiao_bear_optimization_report.md,False
${HOME}/git/quantization/myquant-strategy/outputs/strategy_compare_all5y_latest.md,10abe123df69653a5e0fda229e87250a22ef8d5e29ee594dc12c6d95473acc94,experiments/legacy_myquant_strategy/outputs/strategy_compare_all5y_latest.md,False
${HOME}/git/quantization/myyquant-1116/backtrade/PERFORMANCE_OPTIMIZATION.md,01ba4719c80b6fe911b091a7c05124b64eeece964e09c058ef8f9805daca546b,experiments/legacy_myyquant_1116/backtrade/PERFORMANCE_OPTIMIZATION.md,False
${HOME}/git/quantization/new-quant/README.md,9905fb0b95ad42cadd609374066b4e923ad0469859b2d93f8a1443e44d639df8,experiments/legacy_new_quant/README.md,False
${HOME}/git/quantization/OSkhQuant/README.md,341d63b662648a75ab621f86fab934246fafefd5410a21e8b31463cf91032d1c,experiments/legacy_oskhquant/README.md,False
${HOME}/git/quantization/OSkhQuant/项目文件说明.md,2ddcf965ba0839ea4ab019d772a95d76c7fdfd68ee709f254b4a23d67654ee23,experiments/legacy_oskhquant/项目文件说明.md,False
${HOME}/git/quantization/QuantX-QMT-qmt-mac/tmp/weak-to-strong-diffusion-v1/RESEARCH_LOG.md,7fa1b2e5f37d789aab2aebe31a207493b196e2d69e91166e15d82f3e60ee3be9,experiments/reward/archive/RESEARCH_LOG_2026-07.md,True
${HOME}/git/quantization/QuantX-QMT-qmt-mac/tmp/weak-to-strong-diffusion-v1/FORMAL_MODEL_RESEARCH_PROTOCOL.md,4abb878a05dafe7d1449ffebf941dfb9e006dce149744d72fb692fdeb027c897,experiments/reward/archive/FORMAL_MODEL_RESEARCH_PROTOCOL.md,True
${HOME}/git/quantization/QuantX-QMT-qmt-mac/tmp/weak-to-strong-diffusion-v1/LOOP_PREFERENCE_EXPERIMENT.md,54ddde58002eb97cde4450cbc19ec04ec29ee7b6a88c796becc497d7c8beac91,experiments/reward/archive/LOOP_PREFERENCE_EXPERIMENT.md,True
${HOME}/git/quantization/QuantX-QMT-qmt-mac/tmp/weak-to-strong-diffusion-v1/rl_position_manager_v1/README.md,e693234c9082d755383520f90e0c5a5880ae381a226a3c1846f08f8cb7b125dc,experiments/reward_research/rl_position_manager_v1/README.md,False
