ts_code,type,type_name,start_date,end_date,trading_days,imputed_days,names
000004.SZ,ST,风险警示板,20220506,20230627,279,1,ST国华
000004.SZ,ST,风险警示板,20250430,20260622,276,0,*ST国华
000005.SZ,ST,风险警示板,20210506,20240425,723,1,ST星源
000007.SZ,ST,风险警示板,20210430,20220630,282,0,*ST全新
000007.SZ,ST,风险警示板,20230505,20240701,281,0,*ST全新
000010.SZ,ST,风险警示板,20190426,20200721,300,11,*ST美丽
000010.SZ,ST,风险警示板,20260430,20260715,51,0,*ST美丽
000016.SZ,ST,风险警示板,20260430,20260715,51,0,*ST康佳A
000017.SZ,ST,风险警示板,20200429,20210621,277,9,*ST中华A
000018.SZ,ST,风险警示板,20190506,20191122,138,2,*ST神城
000023.SZ,ST,风险警示板,20230505,20240830,325,0,*ST深天|ST深天
000033.SZ,ST,风险警示板,20160831,20170523,174,4,*ST新都
000037.SZ,ST,风险警示板,20160831,20170414,148,4,*ST南电A
000038.SZ,ST,风险警示板,20220506,20230616,274,1,*ST大通
000040.SZ,ST,风险警示板,20240709,20250429,196,0,*ST旭蓝|ST旭蓝
000046.SZ,ST,风险警示板,20230505,20240206,189,0,*ST泛海
000048.SZ,ST,风险警示板,20180702,20191014,312,1,*ST康达
000056.SZ,ST,风险警示板,20260427,20260715,54,0,*ST皇庭
000070.SZ,ST,风险警示板,20240514,20250708,281,0,ST特信
000078.SZ,ST,风险警示板,20260506,20260715,50,0,ST海王
000150.SZ,ST,风险警示板,20220506,20230608,268,1,*ST宜康
000155.SZ,ST,风险警示板,20160831,20171215,315,5,*ST川化
000403.SZ,ST,风险警示板,20160831,20181121,541,5,ST生化
000408.SZ,ST,风险警示板,20160831,20170522,173,4,*ST金源
000408.SZ,ST,风险警示板,20200506,20210511,247,9,*ST藏格
000409.SZ,ST,风险警示板,20180625,20210409,680,18,*ST地矿|ST地矿
000410.SZ,ST,风险警示板,20170503,20180228,203,1,*ST沈机
000410.SZ,ST,风险警示板,20190820,20230522,909,18,*ST沈机|ST沈机
000413.SZ,ST,风险警示板,20240709,20241010,61,0,ST旭电
000416.SZ,ST,风险警示板,20230427,20240604,266,0,*ST民控
000422.SZ,ST,风险警示板,20180424,20210610,762,18,*ST宜化|ST宜化
000430.SZ,ST,风险警示板,20250417,20260515,260,0,*ST张股|ST张家界
000488.SZ,ST,风险警示板,20250221,20260715,340,0,ST晨鸣
000502.SZ,ST,风险警示板,20210506,20220602,262,0,*ST绿景
000504.SZ,ST,风险警示板,20160831,20170511,166,4,*ST生物
000504.SZ,ST,风险警示板,20190506,20210427,484,17,*ST生物|ST生物
000504.SZ,ST,风险警示板,20250430,20260611,270,0,*ST生物
000505.SZ,ST,风险警示板,20160831,20170518,171,4,*ST珠江
000506.SZ,ST,风险警示板,20240506,20250604,263,0,*ST中润
000509.SZ,ST,风险警示板,20200401,20220630,545,10,*ST华塑
000511.SZ,ST,风险警示板,20160831,20170705,203,5,*ST烯碳
000511.SZ,ST,风险警示板,20170707,20180202,145,0,*ST烯碳
000511.SZ,ST,风险警示板,20180206,20180604,76,0,*ST烯碳
000516.SZ,ST,风险警示板,20220117,20220415,58,0,ST国医
000518.SZ,ST,风险警示板,20250430,20260519,253,0,*ST四环
000523.SZ,ST,风险警示板,20210506,20220525,256,0,*ST浪奇
000525.SZ,ST,风险警示板,20210506,20250612,995,1,*ST红阳|ST红太阳
000526.SZ,ST,风险警示板,20170411,20180522,273,1,*ST紫学
000536.SZ,ST,风险警示板,20200429,20210510,248,9,*ST华映
000540.SZ,ST,风险警示板,20230505,20230629,38,0,*ST中天
000546.SZ,ST,风险警示板,20230616,20231018,81,0,ST金圆
000564.SZ,ST,风险警示板,20210219,20240530,795,2,*ST大集|ST大集
000571.SZ,ST,风险警示板,20190416,20230627,1019,18,*ST大洲|ST大洲
000572.SZ,ST,风险警示板,20190424,20210526,507,17,*ST 海马|ST海马
000584.SZ,ST,风险警示板,20230505,20250619,515,0,*ST工智|ST工智
000585.SZ,ST,风险警示板,20180402,20220427,989,18,*ST东电|ST东电
000587.SZ,ST,风险警示板,20200507,20230331,707,9,*ST金洲
000595.SZ,ST,风险警示板,20170329,20180517,277,1,*ST宝实
000595.SZ,ST,风险警示板,20200429,20210714,294,9,*ST宝实
000595.SZ,ST,风险警示板,20250429,20260701,284,0,*ST宝实
000606.SZ,ST,风险警示板,20160831,20170313,126,4,*ST易桥
000606.SZ,ST,风险警示板,20210506,20230612,512,1,*ST顺利|ST顺利
000608.SZ,ST,风险警示板,20250422,20260520,260,0,*ST阳光
000609.SZ,ST,风险警示板,20210430,20220513,249,0,*ST中迪
000609.SZ,ST,风险警示板,20240429,20260715,536,0,*ST中迪|ST中迪
000610.SZ,ST,风险警示板,20260427,20260715,54,0,*ST西旅
000611.SZ,ST,风险警示板,20160831,20170607,183,4,*ST天首
000611.SZ,ST,风险警示板,20190506,20220606,750,17,*ST天首|ST天首
000613.SZ,ST,风险警示板,20170405,20180314,232,1,*ST东海A
000613.SZ,ST,风险警示板,20210427,20220607,268,0,*ST东海A
000615.SZ,ST,风险警示板,20230505,20260715,775,0,*ST美谷|ST美谷
000616.SZ,ST,风险警示板,20210506,20230822,561,1,*ST海投|ST海投
000617.SZ,ST,风险警示板,20160831,20170113,90,3,*ST济柴
000620.SZ,ST,风险警示板,20230505,20240520,252,0,*ST新联
000622.SZ,ST,风险警示板,20160831,20170503,160,4,*ST恒立
000622.SZ,ST,风险警示板,20240506,20250624,277,0,*ST恒立
000627.SZ,ST,风险警示板,20250708,20250929,60,0,*ST天茂
000629.SZ,ST,风险警示板,20160831,20170504,161,4,*ST钒钛
000629.SZ,ST,风险警示板,20170508,20180823,321,1,*ST钒钛
000632.SZ,ST,风险警示板,20260430,20260715,51,0,ST三木
000633.SZ,ST,风险警示板,20160831,20170517,170,4,*ST合金
000637.SZ,ST,风险警示板,20230505,20240611,267,0,ST实华
000638.SZ,ST,风险警示板,20210611,20220930,320,0,*ST万方
000638.SZ,ST,风险警示板,20250430,20260602,263,0,*ST万方
000639.SZ,ST,风险警示板,20260430,20260715,51,0,ST西王
000655.SZ,ST,风险警示板,20180413,20190408,240,1,*ST金岭
000656.SZ,ST,风险警示板,20240424,20260701,529,0,*ST金科
000659.SZ,ST,风险警示板,20170503,20180424,240,1,*ST中富
000662.SZ,ST,风险警示板,20200701,20210225,160,7,*ST天夏
000663.SZ,ST,风险警示板,20200506,20210922,340,9,*ST永林
000667.SZ,ST,风险警示板,20230505,20230713,48,0,ST美置
000668.SZ,ST,风险警示板,20250430,20260602,263,0,*ST荣控
000669.SZ,ST,风险警示板,20200506,20260715,1503,10,*ST金鸿|ST金鸿
000670.SZ,ST,风险警示板,20160831,20170329,138,4,*ST盈方
000670.SZ,ST,风险警示板,20190327,20220819,828,18,*ST盈方|ST盈方
000671.SZ,ST,风险警示板,20230505,20230815,71,0,ST阳光城
000673.SZ,ST,风险警示板,20200429,20220610,512,9,*ST当代
000677.SZ,ST,风险警示板,20260506,20260715,50,0,ST海龙
000679.SZ,ST,风险警示板,20200430,20210427,241,9,*ST友谊
000687.SZ,ST,风险警示板,20200616,20220525,470,9,*ST华讯
000691.SZ,ST,风险警示板,20160831,20171128,302,5,ST亚太
000691.SZ,ST,风险警示板,20250430,20260529,261,0,*ST亚太
000692.SZ,ST,风险警示板,20230426,20240528,262,0,*ST惠天
000693.SZ,ST,风险警示板,20160831,20180712,453,5,*ST华泽|ST华泽
000693.SZ,ST,风险警示板,20180716,20190524,208,1,*ST华泽
000697.SZ,ST,风险警示板,20230323,20240515,276,1,*ST炼石
000697.SZ,ST,风险警示板,20250421,20260430,250,0,*ST炼石|ST炼石
000698.SZ,ST,风险警示板,20251010,20260715,186,0,ST沈化
000707.SZ,ST,风险警示板,20180502,20220325,950,18,*ST双环|ST双环
000710.SZ,ST,风险警示板,20170301,20170825,123,1,*ST天仪
000711.SZ,ST,风险警示板,20230504,20260715,776,0,*ST京蓝|ST京蓝
000717.SZ,ST,风险警示板,20160831,20170331,140,4,*ST韶钢
000720.SZ,ST,风险警示板,20180423,20190425,247,1,*ST新能
000727.SZ,ST,风险警示板,20200416,20210401,234,10,*ST东科
000732.SZ,ST,风险警示板,20220506,20230803,306,1,ST泰禾
000736.SZ,ST,风险警示板,20250416,20260602,273,0,*ST中地
000737.SZ,ST,风险警示板,20180214,20210416,768,18,*ST南风|ST南风
000752.SZ,ST,风险警示板,20190410,20260715,1762,18,*ST西发|ST西发
000755.SZ,ST,风险警示板,20170329,20181113,398,1,*ST三维
000760.SZ,ST,风险警示板,20190506,20200703,285,9,*ST斯太
000760.SZ,ST,风险警示板,20200707,20210609,226,8,*ST斯太
000780.SZ,ST,风险警示板,20170424,20180510,256,1,*ST平能
000780.SZ,ST,风险警示板,20200506,20220121,421,9,*ST平能|ST平能
000792.SZ,ST,风险警示板,20190430,20210809,555,17,*ST盐湖
000793.SZ,ST,风险警示板,20250318,20260715,323,0,*ST华闻|ST华闻
000796.SZ,ST,风险警示板,20220506,20241028,602,1,*ST凯撒|ST凯撒
000802.SZ,ST,风险警示板,20210506,20220623,276,0,ST北文
000803.SZ,ST,风险警示板,20170320,20181026,393,1,*ST金宇
000803.SZ,ST,风险警示板,20200506,20210226,199,8,*ST北能|*ST金宇
000806.SZ,ST,风险警示板,20190329,20230612,1021,19,*ST银河|ST银河
000809.SZ,ST,风险警示板,20170426,20180608,275,1,*ST新城
000809.SZ,ST,风险警示板,20220429,20230601,265,1,ST新城
000809.SZ,ST,风险警示板,20240429,20250424,240,0,*ST 新城|*ST和展
000816.SZ,ST,风险警示板,20180427,20201026,606,15,*ST慧业|ST慧业
000820.SZ,ST,风险警示板,20190412,20220817,815,17,*ST节能|ST节能
000820.SZ,ST,风险警示板,20250430,20260715,293,0,*ST节能
000821.SZ,ST,风险警示板,20260120,20260715,116,0,ST京机
000826.SZ,ST,风险警示板,20260430,20260715,51,0,*ST启环
000831.SZ,ST,风险警示板,20160831,20170502,159,4,*ST五稀
000835.SZ,ST,风险警示板,20200629,20220426,445,8,*ST长动
000836.SZ,ST,风险警示板,20240506,20240809,69,0,ST富通
000837.SZ,ST,风险警示板,20200424,20210514,255,9,*ST秦机
000838.SZ,ST,风险警示板,20260427,20260715,54,0,*ST发展
000839.SZ,ST,风险警示板,20220506,20240607,509,1,ST国安
000851.SZ,ST,风险警示板,20240506,20251110,370,0,*ST高鸿|ST高鸿
000856.SZ,ST,风险警示板,20160831,20170406,142,4,*ST冀装
000868.SZ,ST,风险警示板,20190417,20210416,487,17,*ST安凯|ST安凯
000889.SZ,ST,风险警示板,20220506,20250603,746,1,ST中嘉
000890.SZ,ST,风险警示板,20200428,20210514,253,9,*ST胜尔
000893.SZ,ST,风险警示板,20180503,20190930,348,1,*ST东凌
000897.SZ,ST,风险警示板,20190321,20200604,294,9,*ST津滨
000903.SZ,ST,风险警示板,20250710,20260715,246,0,ST云动
000908.SZ,ST,风险警示板,20240506,20260611,511,0,*ST景峰|ST景峰
000909.SZ,ST,风险警示板,20230504,20260715,776,0,*ST数源|ST数源
000911.SZ,ST,风险警示板,20190404,20200903,347,14,*ST 南糖|ST南糖
000911.SZ,ST,风险警示板,20260430,20260715,51,0,*ST广糖
000912.SZ,ST,风险警示板,20171215,20190412,321,1,*ST天化
000913.SZ,ST,风险警示板,20160831,20170512,167,4,*ST钱江
000918.SZ,ST,风险警示板,20230504,20230727,59,0,*ST嘉凯
000922.SZ,ST,风险警示板,20170321,20181126,413,1,*ST佳电
000927.SZ,ST,风险警示板,20200410,20201231,179,8,*ST夏利
000929.SZ,ST,风险警示板,20250430,20260615,272,0,*ST兰黄
000932.SZ,ST,风险警示板,20170503,20180308,209,1,*ST华菱
000933.SZ,ST,风险警示板,20160831,20170428,158,4,*ST神火
000939.SZ,ST,风险警示板,20180702,20190510,208,1,*ST凯迪
000939.SZ,ST,风险警示板,20190514,20201104,361,14,*ST凯迪
000950.SZ,ST,风险警示板,20160831,20170510,165,4,*ST建峰
000950.SZ,ST,风险警示板,20170512,20180827,319,1,*ST建峰
000953.SZ,ST,风险警示板,20170302,20210525,1030,19,*ST河化|ST河化
000961.SZ,ST,风险警示板,20240424,20240710,52,0,ST中南
000962.SZ,ST,风险警示板,20160831,20170331,140,4,*ST东钽
000968.SZ,ST,风险警示板,20160831,20170512,167,4,*ST煤气
000971.SZ,ST,风险警示板,20190328,20240723,1292,19,*ST高升|ST高升
000972.SZ,ST,风险警示板,20170418,20230414,1459,19,*ST中基|ST中基
000972.SZ,ST,风险警示板,20250401,20260626,300,0,*ST中基
000976.SZ,ST,风险警示板,20230505,20240826,321,0,*ST华铁|ST华铁
000980.SZ,ST,风险警示板,20200624,20221102,572,8,*ST众泰|ST众泰
000981.SZ,ST,风险警示板,20190506,20221108,855,17,*ST银亿|ST银亿
000982.SZ,ST,风险警示板,20170503,20210607,998,19,*ST 中绒
000989.SZ,ST,风险警示板,20240426,20250506,246,0,ST九芝
000995.SZ,ST,风险警示板,20160831,20170614,188,4,*ST皇台
000995.SZ,ST,风险警示板,20180503,20190510,249,1,*ST皇台
000995.SZ,ST,风险警示板,20190514,20201215,390,15,*ST皇台
000995.SZ,ST,风险警示板,20220429,20230817,318,1,*ST皇台
000996.SZ,ST,风险警示板,20230505,20240605,264,0,*ST中期
001270.SZ,ST,风险警示板,20250424,20260519,257,0,*ST铖昌
002002.SZ,ST,风险警示板,20231012,20240315,105,0,ST鸿达
002005.SZ,ST,风险警示板,20190430,20260713,1746,18,*ST德豪|ST德豪
002018.SZ,ST,风险警示板,20180502,20190911,337,1,*ST华信
002021.SZ,ST,风险警示板,20190430,20240531,1234,18,*ST中捷|ST中捷
002022.SZ,ST,风险警示板,20220506,20230403,224,0,*ST 科华
002024.SZ,ST,风险警示板,20220506,20260715,1018,1,ST易购
002047.SZ,ST,风险警示板,20250428,20260520,256,0,*ST宝鹰
002052.SZ,ST,风险警示板,20200506,20250616,1240,10,*ST同洲|ST同洲
002055.SZ,ST,风险警示板,20260106,20260715,126,0,ST得润
002058.SZ,ST,风险警示板,20210408,20220520,270,0,*ST威尔
002058.SZ,ST,风险警示板,20250430,20260612,271,0,*ST威尔
002061.SZ,ST,风险警示板,20160831,20170313,126,4,*ST江化
002069.SZ,ST,风险警示板,20160831,20170331,140,4,*ST獐岛
002069.SZ,ST,风险警示板,20220506,20230529,260,1,ST獐子岛
002070.SZ,ST,风险警示板,20170503,20180514,252,1,*ST众和
002070.SZ,ST,风险警示板,20180516,20181024,109,0,*ST众和
002070.SZ,ST,风险警示板,20181026,20190524,140,1,*ST众和
002071.SZ,ST,风险警示板,20200622,20210319,181,8,*ST长城
002072.SZ,ST,风险警示板,20190506,20221116,861,17,*ST凯瑞|ST凯瑞
002076.SZ,ST,风险警示板,20200430,20230412,716,9,*ST雪莱|ST雪莱
002076.SZ,ST,风险警示板,20250429,20260618,276,0,*ST星光
002077.SZ,ST,风险警示板,20200430,20210602,264,9,*ST大港
002082.SZ,ST,风险警示板,20260506,20260715,50,0,ST万邦
002086.SZ,ST,风险警示板,20190218,20240611,1290,19,*ST东洋|ST东洋|ST东海洋
002087.SZ,ST,风险警示板,20230505,20240605,264,0,*ST新纺
002089.SZ,ST,风险警示板,20190506,20240325,1189,18,*ST新海|ST新海
002092.SZ,ST,风险警示板,20240521,20250519,241,0,ST中泰
002102.SZ,ST,风险警示板,20181016,20230510,1109,19,ST冠福
002102.SZ,ST,风险警示板,20260430,20260715,51,0,ST能特
002109.SZ,ST,风险警示板,20160831,20170327,136,4,*ST兴化
002109.SZ,ST,风险警示板,20260506,20260715,50,0,ST兴化
002113.SZ,ST,风险警示板,20190328,20230810,1063,19,*ST天润|ST天润
002118.SZ,ST,风险警示板,20230505,20230803,63,0,*ST紫鑫
002121.SZ,ST,风险警示板,20200430,20210528,261,9,*ST科陆
002122.SZ,ST,风险警示板,20180503,20230227,1172,18,*ST天马|ST天马
002122.SZ,ST,风险警示板,20251031,20260715,171,0,ST汇洲
002124.SZ,ST,风险警示板,20240506,20250430,242,0,ST天邦
002134.SZ,ST,风险警示板,20170502,20180418,237,1,*ST普林
002141.SZ,ST,风险警示板,20240429,20250627,282,0,*ST贤丰
002143.SZ,ST,风险警示板,20190408,20191017,129,0,*ST印纪|ST印纪
002147.SZ,ST,风险警示板,20181204,20220531,845,18,*ST新光|ST新光
002157.SZ,ST,风险警示板,20230505,20240611,267,0,*ST 正邦
002168.SZ,ST,风险警示板,20210303,20210408,26,1,ST惠程
002168.SZ,ST,风险警示板,20240919,20260715,439,0,*ST惠程|ST惠程
002173.SZ,ST,风险警示板,20160831,20170420,152,4,*ST创疗
002175.SZ,ST,风险警示板,20190429,20220408,715,17,*ST东网|ST东网
002175.SZ,ST,风险警示板,20260430,20260715,51,0,*ST东智
002176.SZ,ST,风险警示板,20200430,20210413,231,9,*ST江特
002177.SZ,ST,风险警示板,20220505,20230609,270,1,*ST御银
002188.SZ,ST,风险警示板,20180208,20220622,1057,18,*ST巴士|ST巴士
002190.SZ,ST,风险警示板,20190325,20200605,293,9,*ST集成
002192.SZ,ST,风险警示板,20200422,20210319,221,10,*ST融捷
002193.SZ,ST,风险警示板,20260506,20260715,50,0,ST如意
002194.SZ,ST,风险警示板,20180427,20190814,318,1,*ST凡谷
002197.SZ,ST,风险警示板,20240506,20251223,401,0,ST证通
002198.SZ,ST,风险警示板,20260506,20260715,50,0,ST嘉应
002199.SZ,ST,风险警示板,20160831,20170314,127,4,*ST东晶
002199.SZ,ST,风险警示板,20250326,20260715,317,0,*ST东晶
002200.SZ,ST,风险警示板,20190426,20260602,1720,18,*ST云投|*ST交投|ST云投|ST交投
002207.SZ,ST,风险警示板,20170428,20200630,772,11,*ST准油|ST准油
002207.SZ,ST,风险警示板,20260429,20260715,52,0,*ST准油
002210.SZ,ST,风险警示板,20190506,20211201,629,17,*ST飞马
002211.SZ,ST,风险警示板,20220506,20230620,276,1,ST宏达
002211.SZ,ST,风险警示板,20250425,20260715,296,0,ST宏达
002214.SZ,ST,风险警示板,20250429,20260715,294,0,*ST大立
002217.SZ,ST,风险警示板,20240506,20250623,276,0,*ST合泰
002217.SZ,ST,风险警示板,20260623,20260715,17,0,ST合力泰
002219.SZ,ST,风险警示板,20200506,20220701,525,9,*ST恒康
002220.SZ,ST,风险警示板,20190528,20200629,265,9,*ST天宝|ST天宝
002227.SZ,ST,风险警示板,20260422,20260715,57,0,*ST特迅
002231.SZ,ST,风险警示板,20250430,20260326,219,0,*ST奥维
002247.SZ,ST,风险警示板,20200506,20210603,264,9,*ST聚力
002248.SZ,ST,风险警示板,20170427,20180413,236,1,*ST东数
002251.SZ,ST,风险警示板,20231031,20250418,356,0,*ST步高|ST步步高
002253.SZ,ST,风险警示板,20250429,20260625,280,0,*ST智胜
002255.SZ,ST,风险警示板,20200429,20210507,247,9,*ST海陆
002256.SZ,ST,风险警示板,20200427,20210803,310,9,*ST兆新
002259.SZ,ST,风险警示板,20181009,20250519,1603,19,*ST升达|ST升达
002260.SZ,ST,风险警示板,20180502,20220429,973,18,*ST德奥
002263.SZ,ST,风险警示板,20180502,20200602,509,9,*ST东南
002280.SZ,ST,风险警示板,20200629,20210524,220,8,*ST联络
002280.SZ,ST,风险警示板,20240506,20240815,73,0,ST联络
002288.SZ,ST,风险警示板,20240506,20240816,74,0,*ST超华
002289.SZ,ST,风险警示板,20160831,20170517,170,4,*ST宇顺
002289.SZ,ST,风险警示板,20190426,20210427,487,17,*ST宇顺|ST宇顺
002289.SZ,ST,风险警示板,20230428,20260625,763,0,*ST宇顺|ST宇顺
002290.SZ,ST,风险警示板,20190506,20210419,478,17,*ST中科|ST中科创|ST禾盛
002305.SZ,ST,风险警示板,20250430,20260715,293,0,*ST南置
002306.SZ,ST,风险警示板,20170427,20210413,965,19,*ST云网|ST云网
002306.SZ,ST,风险警示板,20250416,20260715,303,0,*ST云网|ST云网
002308.SZ,ST,风险警示板,20240709,20240926,56,0,*ST威创
002309.SZ,ST,风险警示板,20220531,20250708,754,1,*ST中利|ST中利
002310.SZ,ST,风险警示板,20240430,20250528,260,0,*ST东园
002312.SZ,ST,风险警示板,20170428,20180508,250,1,*ST三泰
002313.SZ,ST,风险警示板,20220506,20231102,365,1,*ST日海
002316.SZ,ST,风险警示板,20220506,20230414,232,0,*ST亚联
002316.SZ,ST,风险警示板,20240806,20250826,257,0,ST亚联
002319.SZ,ST,风险警示板,20200428,20210322,218,9,*ST乐通
002321.SZ,ST,风险警示板,20210430,20230606,509,1,*ST华英|ST华英
002323.SZ,ST,风险警示板,20180706,20220601,947,18,*ST百特|*ST雅博|ST百特
002323.SZ,ST,风险警示板,20260430,20260715,51,0,*ST雅博
002325.SZ,ST,风险警示板,20240506,20240814,72,0,*ST洪涛
002333.SZ,ST,风险警示板,20190506,20210525,501,17,*ST罗普|ST罗普
002336.SZ,ST,风险警示板,20160831,20170427,157,4,*ST人乐
002336.SZ,ST,风险警示板,20190417,20210525,511,17,*ST人乐|ST人乐
002336.SZ,ST,风险警示板,20240422,20250612,276,0,*ST人乐
002341.SZ,ST,风险警示板,20240506,20240822,78,0,ST新纶
002354.SZ,ST,风险警示板,20200506,20210524,256,9,*ST天娱
002356.SZ,ST,风险警示板,20190506,20220704,770,17,*ST赫美
002358.SZ,ST,风险警示板,20210430,20230320,457,0,ST森源
002359.SZ,ST,风险警示板,20190506,20210609,512,17,*ST北讯
002360.SZ,ST,风险警示板,20260429,20260715,52,0,ST同德
002366.SZ,ST,风险警示板,20220506,20230518,253,1,*ST海核
002379.SZ,ST,风险警示板,20160831,20170523,174,4,*ST鲁丰
002388.SZ,ST,风险警示板,20241113,20260112,284,0,ST新亚
002411.SZ,ST,风险警示板,20220701,20230616,235,1,*ST必康
002417.SZ,ST,风险警示板,20220421,20230614,280,1,*ST深南
002418.SZ,ST,风险警示板,20200430,20210608,268,9,*ST康盛
002420.SZ,ST,风险警示板,20190430,20210319,459,17,*ST毅昌|ST毅昌
002423.SZ,ST,风险警示板,20160831,20170420,152,4,*ST中特
002424.SZ,ST,风险警示板,20240506,20250627,280,0,ST百灵
002424.SZ,ST,风险警示板,20251223,20260715,134,0,ST百灵
002425.SZ,ST,风险警示板,20240919,20251210,297,0,ST凯文
002426.SZ,ST,风险警示板,20200430,20210507,246,9,*ST胜利
002427.SZ,ST,风险警示板,20180208,20230511,1272,19,*ST尤夫|ST尤夫
002431.SZ,ST,风险警示板,20260428,20260715,53,0,ST棕榈
002433.SZ,ST,风险警示板,20220928,20240613,411,1,*ST太安|ST太安
002435.SZ,ST,风险警示板,20240506,20240814,72,0,ST长康
002445.SZ,ST,风险警示板,20181031,20210610,635,18,*ST中南|ST中南
002447.SZ,ST,风险警示板,20200506,20220602,505,9,*ST晨鑫
002450.SZ,ST,风险警示板,20190123,20210413,538,18,*ST康得|ST康得新
002464.SZ,ST,风险警示板,20210426,20220606,268,0,*ST众应
002470.SZ,ST,风险警示板,20200701,20230721,744,9,*ST金正|ST金正
002473.SZ,ST,风险警示板,20170502,20190318,459,1,*ST圣莱
002473.SZ,ST,风险警示板,20200727,20220530,446,6,*ST圣莱|ST圣莱
002477.SZ,ST,风险警示板,20190426,20190826,83,0,*ST雏鹰
002482.SZ,ST,风险警示板,20220712,20240617,468,1,*ST广田|ST广田
002485.SZ,ST,风险警示板,20220506,20260715,1018,1,*ST雪发|ST雪发
002490.SZ,ST,风险警示板,20170407,20180413,250,1,*ST墨龙
002490.SZ,ST,风险警示板,20240401,20250430,262,0,ST墨龙
002496.SZ,ST,风险警示板,20180814,20190201,116,0,ST辉丰
002496.SZ,ST,风险警示板,20200430,20220512,491,9,*ST辉丰|ST辉丰
002496.SZ,ST,风险警示板,20250423,20260617,279,0,*ST辉丰
002499.SZ,ST,风险警示板,20190426,20230324,950,17,*ST科林
002501.SZ,ST,风险警示板,20190506,20220630,768,17,*ST利源
002501.SZ,ST,风险警示板,20260430,20260715,51,0,*ST利源
002502.SZ,ST,风险警示板,20200430,20210524,257,9,*ST鼎龙
002502.SZ,ST,风险警示板,20230505,20240904,328,0,ST鼎龙
002503.SZ,ST,风险警示板,20230426,20230810,72,0,*ST搜特
002504.SZ,ST,风险警示板,20170503,20180510,250,1,*ST弘高
002504.SZ,ST,风险警示板,20210423,20230818,565,1,*ST弘高|ST弘高
002512.SZ,ST,风险警示板,20260303,20260715,92,0,ST达华
002513.SZ,ST,风险警示板,20160831,20170406,142,4,*ST蓝丰
002513.SZ,ST,风险警示板,20200429,20210618,276,9,*ST蓝丰
002514.SZ,ST,风险警示板,20260506,20260715,50,0,*ST宝馨
002528.SZ,ST,风险警示板,20240506,20260715,534,0,*ST英飞|ST英飞拓
002529.SZ,ST,风险警示板,20200506,20210622,276,9,*ST海源
002529.SZ,ST,风险警示板,20250429,20260612,272,0,*ST海源
002535.SZ,ST,风险警示板,20200506,20230614,757,10,*ST林重|ST林重
002538.SZ,ST,风险警示板,20260331,20260715,72,0,ST司特
002542.SZ,ST,风险警示板,20260421,20260715,58,0,*ST中岩
002547.SZ,ST,风险警示板,20260430,20260715,51,0,*ST春兴
002552.SZ,ST,风险警示板,20180503,20190305,205,0,*ST宝鼎
002564.SZ,ST,风险警示板,20230630,20250414,433,0,*ST天沃
002569.SZ,ST,风险警示板,20190430,20260715,1748,18,*ST步森|ST步森
002570.SZ,ST,风险警示板,20180427,20190417,237,1,*ST因美
002571.SZ,ST,风险警示板,20170425,20180409,234,1,*ST德力
002575.SZ,ST,风险警示板,20200422,20220602,512,10,*ST群兴|ST群兴
002581.SZ,ST,风险警示板,20250708,20260715,248,0,*ST未名|ST未名
002586.SZ,ST,风险警示板,20190529,20260715,1730,18,*ST围海|ST围海
002592.SZ,ST,风险警示板,20200702,20260715,1464,9,ST八菱
002598.SZ,ST,风险警示板,20260408,20260715,67,0,ST章鼓
002602.SZ,ST,风险警示板,20241108,20251111,245,0,ST华通
002604.SZ,ST,风险警示板,20180119,20190514,316,1,*ST龙力|ST龙力
002604.SZ,ST,风险警示板,20190516,20200529,254,8,*ST龙力
002608.SZ,ST,风险警示板,20160831,20170418,150,4,*ST舜船
002610.SZ,ST,风险警示板,20240506,20240809,69,0,ST爱康
002618.SZ,ST,风险警示板,20210430,20220530,260,0,*ST丹邦
002619.SZ,ST,风险警示板,20210430,20220427,240,0,*ST艾格
002620.SZ,ST,风险警示板,20250430,20260715,293,0,*ST瑞和|ST瑞和
002621.SZ,ST,风险警示板,20240506,20240802,64,0,*ST美吉
002629.SZ,ST,风险警示板,20190430,20211216,641,17,*ST仁智|ST仁智
002630.SZ,ST,风险警示板,20250430,20260715,293,0,*ST华西|ST华西
002634.SZ,ST,风险警示板,20260428,20260715,53,0,*ST棒杰
002638.SZ,ST,风险警示板,20200701,20210715,255,8,*ST勤上
002640.SZ,ST,风险警示板,20210507,20220929,344,0,*ST跨境
002642.SZ,ST,风险警示板,20190426,20200608,271,8,*ST荣联
002647.SZ,ST,风险警示板,20250103,20260413,306,0,*ST仁东
002650.SZ,ST,风险警示板,20200615,20210727,273,9,ST加加
002650.SZ,ST,风险警示板,20240430,20260715,535,0,ST加加
002656.SZ,ST,风险警示板,20200113,20260715,1575,14,*ST摩登|ST摩登
002665.SZ,ST,风险警示板,20240430,20240823,80,0,ST航高
002667.SZ,ST,风险警示板,20260506,20260715,50,0,*ST威领
002668.SZ,ST,风险警示板,20210907,20220922,253,0,ST奥马
002680.SZ,ST,风险警示板,20180726,20190314,153,0,*ST长生|ST长生
002680.SZ,ST,风险警示板,20190318,20191015,141,1,*ST长生
002681.SZ,ST,风险警示板,20200506,20210412,229,9,*ST奋达
002684.SZ,ST,风险警示板,20190506,20220602,749,17,*ST猛狮|ST猛狮
002689.SZ,ST,风险警示板,20251202,20260715,149,0,ST远智
002691.SZ,ST,风险警示板,20260430,20260715,51,0,*ST冀凯
002692.SZ,ST,风险警示板,20190604,20231106,1075,18,ST远程
002693.SZ,ST,风险警示板,20250430,20260522,256,0,*ST双成
002694.SZ,ST,风险警示板,20260430,20260715,51,0,*ST顾地
002699.SZ,ST,风险警示板,20220606,20240604,486,1,*ST美盛|ST美盛
002700.SZ,ST,风险警示板,20200430,20250321,1185,10,ST浩源
002711.SZ,ST,风险警示板,20190424,20210601,511,17,*ST欧浦|ST欧浦
002713.SZ,ST,风险警示板,20250430,20260715,293,0,*ST东易
002716.SZ,ST,风险警示板,20191009,20210625,418,17,*ST金贵|ST金贵
002717.SZ,ST,风险警示板,20250430,20260715,293,0,*ST岭南|ST岭南
002719.SZ,ST,风险警示板,20200506,20211217,397,9,*ST麦趣
002719.SZ,ST,风险警示板,20260429,20260715,52,0,ST麦趣
002721.SZ,ST,风险警示板,20230505,20250613,511,0,*ST金一|ST金一
002726.SZ,ST,风险警示板,20260430,20260715,51,0,ST龙大
002731.SZ,ST,风险警示板,20260210,20260715,101,0,*ST萃华|ST萃华
002740.SZ,ST,风险警示板,20220505,20240301,445,1,*ST爱迪|ST爱迪尔
002742.SZ,ST,风险警示板,20220927,20260430,868,1,*ST三圣|ST三圣
002748.SZ,ST,风险警示板,20240517,20250521,245,0,ST世龙
002750.SZ,ST,风险警示板,20240506,20250605,264,0,*ST龙津
002751.SZ,ST,风险警示板,20220506,20230619,275,1,*ST易尚
002759.SZ,ST,风险警示板,20260715,20260715,1,0,ST天际
002762.SZ,ST,风险警示板,20250424,20260618,279,0,*ST金比
002766.SZ,ST,风险警示板,20190506,20220510,732,17,*ST索菱|ST索菱
002770.SZ,ST,风险警示板,20200629,20220531,467,8,*ST科迪|ST科迪
002776.SZ,ST,风险警示板,20210408,20240124,682,1,*ST柏龙|ST柏龙
002781.SZ,ST,风险警示板,20220420,20230609,278,1,*ST奇信|ST奇信
002789.SZ,ST,风险警示板,20250428,20260715,295,0,*ST建艺
002800.SZ,ST,风险警示板,20230428,20240612,270,0,ST天顺
002808.SZ,ST,风险警示板,20230505,20260622,758,0,*ST恒久|ST恒久
002816.SZ,ST,风险警示板,20230428,20240909,333,0,*ST和科
002816.SZ,ST,风险警示板,20250430,20260715,293,0,*ST和科
002822.SZ,ST,风险警示板,20240227,20260715,578,0,*ST中装|ST中装
002848.SZ,ST,风险警示板,20250428,20260601,264,0,*ST高斯
002856.SZ,ST,风险警示板,20260430,20260715,51,0,*ST美芝
002868.SZ,ST,风险警示板,20250430,20260512,248,0,*ST绿康
002872.SZ,ST,风险警示板,20190429,20260715,1749,18,*ST天圣|ST天圣
002883.SZ,ST,风险警示板,20260506,20260715,50,0,*ST中设
002898.SZ,ST,风险警示板,20250428,20260625,281,0,*ST赛隆
002932.SZ,ST,风险警示板,20260422,20260715,57,0,*ST明德
002951.SZ,ST,风险警示板,20230719,20250522,445,0,*ST金时|ST金时
002977.SZ,ST,风险警示板,20260424,20260715,55,0,*ST天箭
003004.SZ,ST,风险警示板,20250506,20260519,252,0,*ST声迅
003032.SZ,ST,风险警示板,20250423,20260610,274,0,*ST传智
300010.SZ,ST,风险警示板,20230427,20240612,271,0,*ST豆神
300010.SZ,ST,风险警示板,20260506,20260715,50,0,ST豆神
300013.SZ,ST,风险警示板,20240430,20250430,243,0,*ST新宁
300020.SZ,ST,风险警示板,20240506,20260715,534,0,*ST银江|ST银江
300023.SZ,ST,风险警示板,20210428,20220607,267,0,*ST宝德
300027.SZ,ST,风险警示板,20260430,20260715,51,0,ST华谊
300029.SZ,ST,风险警示板,20200915,20260617,1392,4,*ST天龙|ST天龙
300038.SZ,ST,风险警示板,20210126,20220608,328,2,*ST数知|ST数知
300044.SZ,ST,风险警示板,20210430,20220609,267,0,*ST赛为
300044.SZ,ST,风险警示板,20250425,20260715,296,0,*ST赛为|ST赛为
300051.SZ,ST,风险警示板,20210426,20220519,257,0,ST三五
300052.SZ,ST,风险警示板,20250318,20260415,262,0,ST中青宝
300064.SZ,ST,风险警示板,20201104,20220602,383,3,*ST金刚|ST金刚
300068.SZ,ST,风险警示板,20260430,20260715,51,0,ST南都
300071.SZ,ST,风险警示板,20210428,20220519,255,0,*ST嘉信
300076.SZ,ST,风险警示板,20260506,20260715,50,0,*ST宁视
300081.SZ,ST,风险警示板,20260408,20260715,67,0,ST恒信
300087.SZ,ST,风险警示板,20260630,20260715,12,0,ST荃银
300089.SZ,ST,风险警示板,20211012,20230619,412,1,*ST文化|ST文化
300091.SZ,ST,风险警示板,20260106,20260715,126,0,*ST金灵
300093.SZ,ST,风险警示板,20250430,20260611,270,0,*ST金刚
300096.SZ,ST,风险警示板,20240102,20260715,612,0,ST易联众
300097.SZ,ST,风险警示板,20241212,20260330,312,0,ST智云
300108.SZ,ST,风险警示板,20220630,20250528,705,1,*ST吉药|ST吉药
300116.SZ,ST,风险警示板,20240430,20240724,58,0,*ST保力
300117.SZ,ST,风险警示板,20240429,20250429,243,0,*ST嘉寓
300123.SZ,ST,风险警示板,20260421,20260715,58,0,ST亚光
300125.SZ,ST,风险警示板,20240430,20260715,535,0,*ST聆达|ST聆达
300137.SZ,ST,风险警示板,20241112,20251205,261,0,ST先河
300147.SZ,ST,风险警示板,20250325,20260715,318,0,*ST香雪|ST香雪
300152.SZ,ST,风险警示板,20250430,20260715,293,0,*ST动力|ST新动力
300159.SZ,ST,风险警示板,20220429,20230727,303,1,ST新研
300159.SZ,ST,风险警示板,20250320,20260618,303,0,*ST新研
300163.SZ,ST,风险警示板,20240506,20250530,261,0,ST先锋
300165.SZ,ST,风险警示板,20241210,20260327,313,0,ST天瑞
300167.SZ,ST,风险警示板,20230428,20260715,777,0,*ST迪威|ST迪威迅
300173.SZ,ST,风险警示板,20251223,20260715,134,0,ST福能
300175.SZ,ST,风险警示板,20250325,20260602,288,0,ST朗源
300178.SZ,ST,风险警示板,20210506,20220530,259,0,*ST腾邦
300198.SZ,ST,风险警示板,20250430,20260715,293,0,*ST纳川|ST纳川
300201.SZ,ST,风险警示板,20220429,20230419,237,1,*ST海伦
300202.SZ,ST,风险警示板,20210430,20220610,268,0,*ST 聚龙
300205.SZ,ST,风险警示板,20240129,20260715,593,0,*ST天喻|ST天喻
300208.SZ,ST,风险警示板,20240430,20250627,281,0,*ST中程
300209.SZ,ST,风险警示板,20230427,20250512,491,0,*ST有树|ST有棵树
300211.SZ,ST,风险警示板,20250506,20260715,292,0,*ST亿通
300212.SZ,ST,风险警示板,20260430,20260715,51,0,*ST易录
300220.SZ,ST,风险警示板,20230504,20240611,268,0,ST金运
300225.SZ,ST,风险警示板,20250703,20260610,227,0,*ST金泰
300237.SZ,ST,风险警示板,20250930,20260715,188,0,ST美晨
300245.SZ,ST,风险警示板,20260429,20260715,52,0,ST天玑
300256.SZ,ST,风险警示板,20210824,20230904,493,1,*ST星星|ST星星
300262.SZ,ST,风险警示板,20240506,20240816,74,0,*ST巴安
300268.SZ,ST,风险警示板,20230410,20260512,746,1,*ST佳沃|ST佳沃
300269.SZ,ST,风险警示板,20210506,20221209,391,0,ST联建
300273.SZ,ST,风险警示板,20220420,20230612,279,1,*ST和佳|ST和佳
300278.SZ,ST,风险警示板,20210430,20220517,251,0,*ST华昌
300280.SZ,ST,风险警示板,20250520,20250912,83,0,*ST紫天
300282.SZ,ST,风险警示板,20220531,20240626,504,1,*ST三盛|ST三盛
300290.SZ,ST,风险警示板,20260630,20260715,12,0,ST荣科
300295.SZ,ST,风险警示板,20260424,20260715,55,0,*ST三六
300297.SZ,ST,风险警示板,20220429,20230707,289,1,*ST蓝盾
300300.SZ,ST,风险警示板,20240514,20250813,307,0,ST峡创
300301.SZ,ST,风险警示板,20220506,20260715,1018,1,*ST长方|ST长方
300309.SZ,ST,风险警示板,20220429,20230508,247,1,*ST吉艾
300311.SZ,ST,风险警示板,20250624,20260715,258,0,ST任子行
300312.SZ,ST,风险警示板,20210429,20220610,269,0,*ST邦讯
300313.SZ,ST,风险警示板,20210428,20260618,1245,1,*ST天山|ST天山
300325.SZ,ST,风险警示板,20210202,20220606,321,1,*ST德威|ST德威
300326.SZ,ST,风险警示板,20250506,20260715,292,0,ST凯利
300330.SZ,ST,风险警示板,20220808,20230427,176,1,*ST计通
300336.SZ,ST,风险警示板,20220429,20230609,271,1,*ST新文
300338.SZ,ST,风险警示板,20220505,20230904,329,1,ST开元
300338.SZ,ST,风险警示板,20240506,20260715,534,0,*ST开元|ST开元
300343.SZ,ST,风险警示板,20250325,20260615,297,0,ST联创
300344.SZ,ST,风险警示板,20250430,20260330,221,0,*ST立方|ST立方
300352.SZ,ST,风险警示板,20260506,20260715,50,0,ST信源
300356.SZ,ST,风险警示板,20210531,20230619,500,1,*ST光一|ST光一
300366.SZ,ST,风险警示板,20250923,20260715,193,0,ST创意
300367.SZ,ST,风险警示板,20200915,20220608,416,3,*ST网力|ST网力
300368.SZ,ST,风险警示板,20240514,20250523,250,0,ST汇金
300370.SZ,ST,风险警示板,20210426,20230616,521,1,*ST安控|ST安控
300376.SZ,ST,风险警示板,20240709,20260113,369,0,ST易事特
300379.SZ,ST,风险警示板,20250506,20251229,163,0,*ST东通
300385.SZ,ST,风险警示板,20260414,20260715,63,0,ST雪浪
300391.SZ,ST,风险警示板,20250422,20260319,220,0,*ST长药
300392.SZ,ST,风险警示板,20220505,20230614,273,1,*ST腾信
300396.SZ,ST,风险警示板,20260506,20260715,50,0,ST迪瑞
300419.SZ,ST,风险警示板,20241029,20260715,416,0,ST浩丰
300427.SZ,ST,风险警示板,20230505,20241008,345,0,*ST红相
300430.SZ,ST,风险警示板,20260506,20260715,50,0,*ST益通
300446.SZ,ST,风险警示板,20200915,20220520,404,3,*ST乐材|ST乐凯
300460.SZ,ST,风险警示板,20251211,20260715,142,0,ST惠伦
300462.SZ,ST,风险警示板,20250708,20260715,248,0,ST华铭
300472.SZ,ST,风险警示板,20250506,20260715,292,0,*ST新元
300477.SZ,ST,风险警示板,20250430,20260715,293,0,ST合纵
300495.SZ,ST,风险警示板,20210507,20240919,821,1,*ST美尚
300506.SZ,ST,风险警示板,20240429,20260615,515,0,*ST名家|ST名家汇
300526.SZ,ST,风险警示板,20220425,20230616,280,1,*ST中潜
300527.SZ,ST,风险警示板,20250801,20260715,230,0,ST应急
300530.SZ,ST,风险警示板,20210430,20220525,257,0,*ST达志
300536.SZ,ST,风险警示板,20240430,20250522,256,0,*ST农尚
300555.SZ,ST,风险警示板,20230201,20260715,838,1,ST路通
300561.SZ,ST,风险警示板,20250424,20260527,263,0,*ST汇科
300594.SZ,ST,风险警示板,20260430,20260715,51,0,ST朗进
300600.SZ,ST,风险警示板,20240521,20250530,250,0,ST瑞科
300630.SZ,ST,风险警示板,20250107,20250425,72,0,*ST普利
300716.SZ,ST,风险警示板,20250430,20260715,293,0,*ST泉为|ST泉为
300742.SZ,ST,风险警示板,20230504,20240628,281,0,*ST越博
300795.SZ,ST,风险警示板,20210428,20220411,230,0,*ST米奥
300799.SZ,ST,风险警示板,20230504,20240705,286,0,*ST左江
300831.SZ,ST,风险警示板,20260609,20260715,26,0,ST派瑞
300859.SZ,ST,风险警示板,20210428,20220526,260,0,*ST西域
300859.SZ,ST,风险警示板,20230428,20240529,261,0,*ST西域
300899.SZ,ST,风险警示板,20250430,20260513,249,0,*ST凯鑫
300965.SZ,ST,风险警示板,20240426,20250430,245,0,*ST恒宇
301030.SZ,ST,风险警示板,20260506,20260715,50,0,*ST仕净
301139.SZ,ST,风险警示板,20260512,20260715,46,0,*ST元道
301288.SZ,ST,风险警示板,20250430,20260512,248,0,*ST清研
600053.SH,ST,风险警示板,20260430,20260715,51,0,*ST九鼎
600069.SH,ST,风险警示板,20200430,20200709,46,2,*ST银鸽
600070.SH,ST,风险警示板,20230504,20250429,483,0,*ST富润|ST富润
600074.SH,ST,风险警示板,20171229,20200102,489,5,*ST保千|ST保千里
600074.SH,ST,风险警示板,20200106,20200409,62,3,*ST保千
600077.SH,ST,风险警示板,20230505,20230724,55,0,*ST宋都
600078.SH,ST,风险警示板,20210506,20240621,760,1,*ST澄星|ST澄星|XDST澄星
600079.SH,ST,风险警示板,20251216,20260715,139,0,ST人福
600080.SH,ST,风险警示板,20200602,20210511,228,9,ST金花|XDST金花
600080.SH,ST,风险警示板,20260430,20260715,51,0,ST金花
600082.SH,ST,风险警示板,20260414,20260715,63,0,ST海泰
600083.SH,ST,风险警示板,20200429,20220815,558,9,*ST博信
600083.SH,ST,风险警示板,20240506,20250304,202,0,*ST博信
600084.SH,ST,风险警示板,20190426,20220511,736,17,*ST中葡|ST中葡
600084.SH,ST,风险警示板,20260429,20260715,52,0,*ST尼雅
600086.SH,ST,风险警示板,20200624,20210120,142,6,*ST金钰
600090.SH,ST,风险警示板,20200701,20220609,471,8,*ST济堂
600091.SH,ST,风险警示板,20160831,20220524,1389,23,*ST明科|ST明科
600093.SH,ST,风险警示板,20210707,20220525,213,0,*ST易见
600107.SH,ST,风险警示板,20250506,20260715,292,0,*ST尔雅|ST尔雅
600112.SH,ST,风险警示板,20170427,20180504,249,1,*ST天成
600112.SH,ST,风险警示板,20190524,20240814,1271,18,*ST天成|ST天成
600117.SH,ST,风险警示板,20230505,20240717,293,0,*ST西钢|ST西钢
600119.SH,ST,风险警示板,20190506,20210514,494,17,*ST长投|ST长投
600119.SH,ST,风险警示板,20260428,20260715,53,0,*ST长投
600121.SH,ST,风险警示板,20170419,20180411,240,1,*ST郑煤
600122.SH,ST,风险警示板,20200430,20230621,763,10,*ST宏图|ST宏图
600130.SH,ST,风险警示板,20250430,20260429,242,0,*ST波导
600136.SH,ST,风险警示板,20220506,20260715,1018,1,*ST明诚|ST明诚
600139.SH,ST,风险警示板,20210506,20230324,460,0,*ST西源|ST西源
600145.SH,ST,风险警示板,20160831,20220329,1354,23,*ST新亿
600146.SH,ST,风险警示板,20200624,20220601,469,8,*ST环球
600149.SH,ST,风险警示板,20170428,20210415,966,19,*ST坊展|ST坊展
600150.SH,ST,风险警示板,20180424,20190328,227,0,*ST船舶
600157.SH,ST,风险警示板,20200929,20210429,140,3,*ST永泰|ST永泰
600165.SH,ST,风险警示板,20240408,20260715,551,0,*ST宁科|ST宁科|XR*ST宁
600169.SH,ST,风险警示板,20251104,20260715,169,0,ST太重
600175.SH,ST,风险警示板,20200506,20200624,36,1,*ST美都
600179.SH,ST,风险警示板,20160831,20161102,39,2,*ST黑化
600179.SH,ST,风险警示板,20190619,20210507,458,17,*ST安通|ST安通|XR*ST安
600180.SH,ST,风险警示板,20260430,20260715,51,0,*ST瑞茂
600182.SH,ST,风险警示板,20210426,20230516,498,1,S*ST佳通|SST佳通|XDS*ST佳|XDSST佳
600186.SH,ST,风险警示板,20190429,20200408,230,7,*ST莲花|XR*ST莲
600187.SH,ST,风险警示板,20260506,20260715,50,0,*ST国中
600190.SH,ST,风险警示板,20240604,20250627,259,0,*ST锦港|ST锦港|XDST锦港
600191.SH,ST,风险警示板,20210430,20220815,314,0,*ST华资|XD*ST华
600193.SH,ST,风险警示板,20180503,20210621,763,18,*ST创兴|ST创兴
600193.SH,ST,风险警示板,20250506,20260605,265,0,*ST创兴
600198.SH,ST,风险警示板,20180427,20190423,241,1,*ST大唐
600198.SH,ST,风险警示板,20210430,20220420,235,0,*ST大唐
600200.SH,ST,风险警示板,20250506,20251208,148,0,*ST苏吴
600202.SH,ST,风险警示板,20180425,20190401,228,1,*ST哈空
600209.SH,ST,风险警示板,20180424,20220524,991,18,*ST罗顿|ST罗顿|XDST罗顿
600212.SH,ST,风险警示板,20160831,20170222,113,4,*ST江泉
600212.SH,ST,风险警示板,20200427,20210312,213,8,*ST江泉
600213.SH,ST,风险警示板,20240506,20241016,110,0,*ST亚星
600215.SH,ST,风险警示板,20200506,20210507,245,9,*ST经开|XD*ST经
600220.SH,ST,风险警示板,20240506,20240709,46,0,ST阳光
600221.SH,ST,风险警示板,20210219,20220929,395,1,*ST海航|ST海航
600225.SH,ST,风险警示板,20170321,20180504,274,1,*ST松江
600225.SH,ST,风险警示板,20200424,20220510,493,9,*ST松江
600225.SH,ST,风险警示板,20241101,20250206,63,0,*ST卓朗
600226.SH,ST,风险警示板,20200701,20230509,693,9,*ST瀚叶|ST瀚叶
600228.SH,ST,风险警示板,20170314,20210402,989,19,*ST昌九|ST昌九
600228.SH,ST,风险警示板,20250428,20260608,269,0,*ST返利
600230.SH,ST,风险警示板,20160831,20170314,127,4,*ST沧大
600234.SH,ST,风险警示板,20160831,20210510,1137,23,*ST山水|ST山水
600234.SH,ST,风险警示板,20240430,20250519,253,0,*ST科新
600238.SH,ST,风险警示板,20180426,20210408,718,18,*ST椰岛|ST椰岛
600238.SH,ST,风险警示板,20250506,20260715,292,0,*ST椰岛
600239.SH,ST,风险警示板,20210428,20230509,491,1,*ST云城|ST云城
600239.SH,ST,风险警示板,20260430,20260715,51,0,ST云城
600240.SH,ST,风险警示板,20190430,20191211,152,3,*ST华业
600241.SH,ST,风险警示板,20200427,20230530,750,10,*ST时万|ST时万
600242.SH,ST,风险警示板,20200701,20230530,708,9,*ST中昌|ST中昌
600242.SH,ST,风险警示板,20230601,20230601,1,0,*ST中昌
600243.SH,ST,风险警示板,20200422,20210507,252,10,*ST海华
600243.SH,ST,风险警示板,20250423,20260715,298,0,*ST海华
600247.SH,ST,风险警示板,20160831,20210319,1105,23,*ST成城|ST成城
600255.SH,ST,风险警示板,20200506,20210316,211,9,*ST梦舟|*ST鑫科
600260.SH,ST,风险警示板,20210817,20230214,360,0,*ST凯乐|ST凯乐
600265.SH,ST,风险警示板,20160831,20240604,1882,24,*ST景谷|ST景谷
600265.SH,ST,风险警示板,20250430,20260715,293,0,*ST景谷|ST景谷
600275.SH,ST,风险警示板,20170502,20220524,1231,19,*ST昌鱼|ST昌鱼
600277.SH,ST,风险警示板,20240506,20240717,52,0,ST亿利
600280.SH,ST,风险警示板,20200506,20210518,252,9,*ST中商
600287.SH,ST,风险警示板,20240709,20250715,247,0,ST舜天
600289.SH,ST,风险警示板,20171227,20260715,2072,19,*ST信通|ST信通
600290.SH,ST,风险警示板,20191226,20240115,984,15,*ST华仪|ST华仪
600291.SH,ST,风险警示板,20210506,20220516,249,0,*ST西水
600300.SH,ST,风险警示板,20210427,20220411,231,0,ST维维|XDST维维
600301.SH,ST,风险警示板,20160831,20220526,1391,23,*ST南化|ST南化
600302.SH,ST,风险警示板,20260506,20260715,50,0,ST标准
600303.SH,ST,风险警示板,20220506,20250418,718,1,ST曙光
600306.SH,ST,风险警示板,20160831,20170418,150,4,*ST商城
600306.SH,ST,风险警示板,20200506,20240528,986,10,*ST商城|ST商城|XR*ST商
600311.SH,ST,风险警示板,20200429,20230324,705,9,*ST荣华|ST荣华
600319.SH,ST,风险警示板,20160831,20170224,115,4,*ST亚星
600319.SH,ST,风险警示板,20191105,20220509,607,15,*ST亚星|ST亚星
600321.SH,ST,风险警示板,20180412,20200420,493,8,*ST正源|ST正源
600337.SH,ST,风险警示板,20260506,20260715,50,0,ST美克
600339.SH,ST,风险警示板,20160831,20170505,162,4,*ST天利|*ST油工
600340.SH,ST,风险警示板,20260506,20260715,50,0,*ST华幸
600346.SH,ST,风险警示板,20160831,20161102,39,2,*ST橡塑
600354.SH,ST,风险警示板,20200323,20210518,280,10,*ST敦种
600355.SH,ST,风险警示板,20250429,20260424,240,0,*ST精伦
600358.SH,ST,风险警示板,20200506,20210506,244,9,*ST联合
600358.SH,ST,风险警示板,20250318,20260417,264,0,ST联合
600360.SH,ST,风险警示板,20240506,20260519,494,0,*ST华微|ST华微|XD*ST华|XDST华微
600365.SH,ST,风险警示板,20200825,20260715,1426,4,ST通葡
600370.SH,ST,风险警示板,20260430,20260715,51,0,*ST三房
600375.SH,ST,风险警示板,20160831,20170307,122,4,*ST星马
600375.SH,ST,风险警示板,20240401,20250417,253,0,*ST汉马|XR*ST汉
600381.SH,ST,风险警示板,20160831,20161118,51,2,ST春天
600381.SH,ST,风险警示板,20240506,20260715,534,0,*ST春天|ST春天
600382.SH,ST,风险警示板,20210506,20230531,504,1,*ST广珠|ST广珠|XD*ST广|XDST广珠
600385.SH,ST,风险警示板,20190426,20220609,756,17,*ST金泰|ST金泰
600387.SH,ST,风险警示板,20210506,20221123,379,0,ST海越|XDST海越
600387.SH,ST,风险警示板,20230505,20250613,511,0,*ST海越|ST海越
600388.SH,ST,风险警示板,20220506,20230714,292,1,ST龙净|XDST龙净
600390.SH,ST,风险警示板,20160831,20170503,160,4,*ST金瑞
600393.SH,ST,风险警示板,20210506,20220614,269,0,ST粤泰
600393.SH,ST,风险警示板,20230505,20230717,50,0,ST粤泰
600396.SH,ST,风险警示板,20190429,20200410,232,7,*ST金山
600396.SH,ST,风险警示板,20230424,20240604,269,0,*ST金山
600397.SH,ST,风险警示板,20180419,20190419,245,1,*ST安煤
600399.SH,ST,风险警示板,20180627,20210415,682,18,*ST抚钢|ST抚钢
600401.SH,ST,风险警示板,20170503,20180528,262,1,*ST海润
600401.SH,ST,风险警示板,20180530,20190524,240,1,*ST海润
600403.SH,ST,风险警示板,20170327,20180411,255,1,*ST大有
600403.SH,ST,风险警示板,20210428,20220415,234,0,ST大有
600408.SH,ST,风险警示板,20180424,20220505,978,18,*ST安泰|ST安泰
600416.SH,ST,风险警示板,20200401,20210331,243,10,*ST湘电
600421.SH,ST,风险警示板,20180111,20210616,831,18,*ST仰帆|ST仰帆|ST华嵘
600421.SH,ST,风险警示板,20250429,20260529,262,0,*ST华嵘
600423.SH,ST,风险警示板,20170503,20210519,985,19,*ST柳化|ST柳化|XR*ST柳
600423.SH,ST,风险警示板,20260428,20260715,53,0,*ST柳化
600425.SH,ST,风险警示板,20170411,20180502,259,1,*ST青松
600432.SH,ST,风险警示板,20160831,20170525,176,4,*ST吉恩
600432.SH,ST,风险警示板,20170531,20180529,245,1,*ST吉恩
600462.SH,ST,风险警示板,20190115,20250623,1559,19,*ST九有|ST九有
600466.SH,ST,风险警示板,20230504,20230605,23,0,*ST蓝光
600470.SH,ST,风险警示板,20200506,20210402,224,9,*ST六化
600476.SH,ST,风险警示板,20260429,20260715,52,0,*ST湘邮
600485.SH,ST,风险警示板,20190430,20210601,507,17,*ST信威
600491.SH,ST,风险警示板,20260506,20260715,50,0,ST龙元
600506.SH,ST,风险警示板,20210428,20220509,247,0,*ST香梨
600515.SH,ST,风险警示板,20210219,20221013,400,1,*ST基础|ST基础|XR*ST基
600518.SH,ST,风险警示板,20190521,20240703,1244,18,*ST康美|ST康美|XDST康美|XR*ST康
600520.SH,ST,风险警示板,20160831,20170424,154,4,*ST中发
600525.SH,ST,风险警示板,20250430,20260715,293,0,ST长园
600526.SH,ST,风险警示板,20190422,20200416,241,7,*ST菲达
600530.SH,ST,风险警示板,20200430,20210514,251,9,*ST交昂|*ST昂立
600530.SH,ST,风险警示板,20230705,20240620,233,0,*ST交昂|ST交昂
600532.SH,ST,风险警示板,20220701,20230529,221,1,*ST未来
600532.SH,ST,风险警示板,20230601,20230601,1,0,*ST未来
600537.SH,ST,风险警示板,20260429,20260715,52,0,*ST亿晶
600539.SH,ST,风险警示板,20160831,20170414,148,4,ST狮头
600539.SH,ST,风险警示板,20180425,20210518,744,18,*ST狮头|ST狮头
600540.SH,ST,风险警示板,20170502,20180404,229,1,*ST新赛
600543.SH,ST,风险警示板,20230504,20240705,286,0,*ST莫高
600543.SH,ST,风险警示板,20260427,20260715,54,0,*ST莫高
600546.SH,ST,风险警示板,20160831,20170411,145,4,*ST山煤
600555.SH,ST,风险警示板,20200506,20220615,513,9,*ST海创
600556.SH,ST,风险警示板,20160913,20200420,874,13,ST慧球
600565.SH,ST,风险警示板,20240506,20240806,66,0,ST迪马
600568.SH,ST,风险警示板,20200602,20260715,1484,10,*ST中珠|ST中珠
600581.SH,ST,风险警示板,20160831,20170502,159,4,*ST八钢
600581.SH,ST,风险警示板,20260331,20260715,72,0,*ST八钢
600589.SH,ST,风险警示板,20210506,20240613,754,1,*ST榕泰|ST榕泰|XR*ST榕
600593.SH,ST,风险警示板,20210722,20220519,198,0,*ST圣亚
600595.SH,ST,风险警示板,20190506,20220519,739,17,*ST中孚|ST中孚
600599.SH,ST,风险警示板,20200611,20260529,1445,10,*ST熊猫|ST熊猫
600601.SH,ST,风险警示板,20210430,20230613,514,1,*ST方科|ST方科|XR*ST方
600603.SH,ST,风险警示板,20160831,20170327,136,4,*ST兴业
600603.SH,ST,风险警示板,20240903,20251028,276,0,ST广物
600608.SH,ST,风险警示板,20160831,20161026,34,2,ST沪科
600608.SH,ST,风险警示板,20170327,20260605,2232,20,*ST沪科|ST沪科
600610.SH,ST,风险警示板,20180702,20210518,699,18,*ST毅达|NST毅达|ST毅达
600614.SH,ST,风险警示板,20190429,20210601,508,17,*ST鹏起
600615.SH,ST,风险警示板,20190429,20190927,105,0,ST丰华
600615.SH,ST,风险警示板,20210506,20220823,319,0,*ST丰华
600624.SH,ST,风险警示板,20250923,20260715,193,0,ST复华
600634.SH,ST,风险警示板,20180503,20210601,750,18,*ST富控
600636.SH,ST,风险警示板,20170330,20180427,264,1,*ST爱富
600636.SH,ST,风险警示板,20250429,20260529,262,0,*ST国化|XD*ST国
600647.SH,ST,风险警示板,20230505,20240604,263,0,*ST同达
600651.SH,ST,风险警示板,20200506,20210415,232,9,*ST飞乐
600652.SH,ST,风险警示板,20190506,20220524,742,17,*ST游久|ST游久
600654.SH,ST,风险警示板,20170503,20240625,1737,20,*ST中安|ST中安|XR*ST中
600666.SH,ST,风险警示板,20190429,20240819,1290,18,*ST瑞德|ST瑞德|XR*ST瑞
600671.SH,ST,风险警示板,20200615,20250519,1193,10,*ST目药|ST目药
600675.SH,ST,风险警示板,20160831,20170301,118,4,*ST中企
600677.SH,ST,风险警示板,20200122,20210318,278,13,*ST航通
600677.SH,ST,风险警示板,20210325,20210325,1,0,*ST航通
600678.SH,ST,风险警示板,20260430,20260715,51,0,ST金顶
600680.SH,ST,风险警示板,20170328,20180528,285,1,*ST上普|ST上普
600680.SH,ST,风险警示板,20180530,20190524,240,1,*ST上普
600687.SH,ST,风险警示板,20190412,20210106,424,15,*ST刚泰|ST刚泰
600695.SH,ST,风险警示板,20210421,20220516,257,0,*ST绿庭
600696.SH,ST,风险警示板,20170329,20210616,1026,19,*ST匹凸|ST匹凸|ST岩石
600696.SH,ST,风险警示板,20250423,20260529,266,0,*ST岩石
600698.SH,ST,风险警示板,20190329,20210603,530,18,*ST天雁|ST天雁
600701.SH,ST,风险警示板,20160831,20170213,106,4,*ST工新
600701.SH,ST,风险警示板,20180503,20210312,697,17,*ST工新
600702.SH,ST,风险警示板,20200922,20210518,155,3,ST舍得|XDST舍得
600710.SH,ST,风险警示板,20160831,20180327,381,5,*ST常林|NST常林|ST常林
600711.SH,ST,风险警示板,20240801,20250813,251,0,ST盛屯|XDST盛屯
600715.SH,ST,风险警示板,20240429,20250430,244,0,*ST文投|XR*ST文
600719.SH,ST,风险警示板,20220505,20230331,224,0,ST热电
600721.SH,ST,风险警示板,20160831,20170317,130,4,*ST百花
600721.SH,ST,风险警示板,20190430,20220429,729,17,*ST百花|ST百花
600725.SH,ST,风险警示板,20160831,20210531,1152,23,*ST云维|ST云维|XR*ST云
600726.SH,ST,风险警示板,20190430,20200430,245,8,*ST华源
600726.SH,ST,风险警示板,20220429,20230612,272,1,*ST华源
600730.SH,ST,风险警示板,20260428,20260715,53,0,*ST高科
600732.SH,ST,风险警示板,20160831,20200304,851,12,*ST新梅|NST新梅|ST新梅|ST爱旭
600733.SH,ST,风险警示板,20170322,20180830,356,1,S*ST前锋|SST前锋
600734.SH,ST,风险警示板,20200616,20240607,965,10,*ST实达|ST实达|XR*ST实
600734.SH,ST,风险警示板,20260430,20260715,51,0,*ST实达
600735.SH,ST,风险警示板,20250930,20260715,188,0,ST新华锦
600745.SH,ST,风险警示板,20260506,20260715,50,0,*ST闻泰
600747.SH,ST,风险警示板,20170503,20191025,606,3,*ST大控|ST大控
600749.SH,ST,风险警示板,20180502,20190409,230,1,*ST藏旅
600753.SH,ST,风险警示板,20250429,20260715,294,0,*ST庚星|*ST海钦|ST海钦
600759.SH,ST,风险警示板,20220426,20240625,525,1,*ST洲际|ST洲际
600759.SH,ST,风险警示板,20260429,20260715,52,0,ST洲际
600760.SH,ST,风险警示板,20160831,20170310,125,4,*ST黑豹
600766.SH,ST,风险警示板,20210426,20220914,339,0,*ST园城
600766.SH,ST,风险警示板,20230505,20240604,263,0,*ST园城
600767.SH,ST,风险警示板,20170421,20210809,1049,19,*ST运盛|ST运盛
600767.SH,ST,风险警示板,20220428,20230530,264,1,*ST运盛
600767.SH,ST,风险警示板,20230601,20230601,1,0,*ST运盛
600777.SH,ST,风险警示板,20240430,20260622,518,0,*ST新潮|ST新潮
600778.SH,ST,风险警示板,20180426,20190506,248,1,*ST友好
600781.SH,ST,风险警示板,20190903,20230529,904,18,*ST辅仁|ST辅仁
600781.SH,ST,风险警示板,20230601,20230601,1,0,*ST辅仁
600793.SH,ST,风险警示板,20160831,20161118,51,2,ST宜纸
600804.SH,ST,风险警示板,20220429,20250609,752,1,*ST鹏博|ST鹏博士
600806.SH,ST,风险警示板,20160831,20170522,173,4,*ST昆机
600806.SH,ST,风险警示板,20170524,20180529,248,1,*ST昆机
600807.SH,ST,风险警示板,20180503,20200701,527,10,*ST天业|ST天业
600811.SH,ST,风险警示板,20250318,20250429,30,0,*ST东方
600815.SH,ST,风险警示板,20170502,20180508,249,1,*ST厦工
600815.SH,ST,风险警示板,20190430,20210414,476,17,*ST厦工|XR*ST厦
600816.SH,ST,风险警示板,20200506,20231106,852,10,*ST安信|ST安信|ST建元
600817.SH,ST,风险警示板,20160831,20210416,1124,23,*ST宏盛|ST宏盛
600818.SH,ST,风险警示板,20260429,20260715,52,0,ST中路
600821.SH,ST,风险警示板,20200429,20210518,254,9,*ST劝业
600823.SH,ST,风险警示板,20230505,20240613,269,0,*ST世茂|ST世茂
600831.SH,ST,风险警示板,20240709,20251107,324,0,ST广网
600836.SH,ST,风险警示板,20200430,20210518,253,9,*ST界龙
600836.SH,ST,风险警示板,20240506,20240710,47,0,*ST易连
600844.SH,ST,风险警示板,20170503,20180301,204,1,*ST丹科
600847.SH,ST,风险警示板,20170503,20180508,248,1,*ST万里
600856.SH,ST,风险警示板,20190812,20220524,673,17,*ST中天|ST中天
600860.SH,ST,风险警示板,20170321,20180403,255,1,*ST京城
600860.SH,ST,风险警示板,20200331,20210401,245,10,*ST京城
600866.SH,ST,风险警示板,20160831,20170411,145,4,*ST星湖
600870.SH,ST,风险警示板,20180427,20220601,994,18,*ST厦华|ST厦华
600871.SH,ST,风险警示板,20180329,20190401,245,1,*ST油服
600877.SH,ST,风险警示板,20170503,20210512,980,19,*ST嘉陵|*ST电能|ST嘉陵|ST电能
600889.SH,ST,风险警示板,20260424,20260715,55,0,*ST京化
600890.SH,ST,风险警示板,20210406,20220524,274,0,*ST中房
600891.SH,ST,风险警示板,20190410,20210318,472,17,*ST秋林|ST秋林
600892.SH,ST,风险警示板,20200430,20210322,216,9,*ST大晟
600892.SH,ST,风险警示板,20250506,20260630,281,0,*ST大晟
600896.SH,ST,风险警示板,20180503,20190404,227,1,*ST海投
600896.SH,ST,风险警示板,20210506,20220627,278,0,*ST海医
600898.SH,ST,风险警示板,20200430,20220426,482,9,*ST美讯|ST美讯
600898.SH,ST,风险警示板,20230505,20250207,426,0,*ST美讯|ST美讯
600965.SH,ST,风险警示板,20260506,20260715,50,0,*ST福成
600978.SH,ST,风险警示板,20200506,20210319,214,9,*ST宜生
601005.SH,ST,风险警示板,20170405,20180308,228,1,*ST重钢
601010.SH,ST,风险警示板,20260430,20260715,51,0,ST文峰
601020.SH,ST,风险警示板,20210430,20220525,257,0,ST华钰
601106.SH,ST,风险警示板,20170421,20180508,255,1,*ST一重
601113.SH,ST,风险警示板,20191009,20220624,659,17,ST华鼎
601258.SH,ST,风险警示板,20190909,20210519,408,17,*ST庞大|ST庞大|XR*ST庞
601258.SH,ST,风险警示板,20230505,20230629,38,0,*ST庞大
601399.SH,ST,风险警示板,20200605,20210510,224,9,ST国重装
601519.SH,ST,风险警示板,20170502,20180509,250,1,*ST智慧
601558.SH,ST,风险警示板,20170426,20200512,741,10,*ST锐电|ST锐电
601718.SH,ST,风险警示板,20260506,20260715,50,0,ST际华
601777.SH,ST,风险警示板,20200825,20210423,161,3,*ST力帆|ST力帆
601798.SH,ST,风险警示板,20180425,20200427,489,9,*ST蓝科|ST蓝科
601918.SH,ST,风险警示板,20160831,20170324,135,4,*ST新集
601975.SH,ST,风险警示板,20190102,20190328,57,0,ST长油
603001.SH,ST,风险警示板,20230427,20240625,280,0,ST奥康
603003.SH,ST,风险警示板,20240506,20250609,266,0,*ST龙宇|XD*ST龙
603007.SH,ST,风险警示板,20210506,20260420,1202,1,*ST花王|ST花王|XDST花王|XR*ST花
603008.SH,ST,风险警示板,20260428,20260715,53,0,ST喜临门
603021.SH,ST,风险警示板,20250423,20260715,298,0,*ST华鹏|ST华鹏
603023.SH,ST,风险警示板,20240506,20250603,262,0,*ST威帝
603030.SH,ST,风险警示板,20230505,20240709,287,0,*ST全筑|ST全筑|XR*ST全
603032.SH,ST,风险警示板,20210428,20220509,247,0,*ST德新
603039.SH,ST,风险警示板,20220505,20230331,224,0,ST泛微|XDST泛微
603117.SH,ST,风险警示板,20220505,20240729,545,1,ST万林
603133.SH,ST,风险警示板,20230428,20240604,265,0,*ST碳元
603157.SH,ST,风险警示板,20200701,20220421,440,8,*ST拉夏
603188.SH,ST,风险警示板,20180814,20181106,55,0,ST亚邦
603188.SH,ST,风险警示板,20190813,20210518,426,17,ST亚邦
603189.SH,ST,风险警示板,20260506,20260715,50,0,*ST网达|XD*ST网
603261.SH,ST,风险警示板,20250429,20260615,273,0,*ST立航
603268.SH,ST,风险警示板,20250429,20260417,235,0,*ST松发
603272.SH,ST,风险警示板,20260429,20260715,52,0,*ST联翔
603322.SH,ST,风险警示板,20220209,20220325,33,0,ST超讯
603359.SH,ST,风险警示板,20260430,20260715,51,0,*ST东珠
603363.SH,ST,风险警示板,20240506,20250519,252,0,*ST傲农
603377.SH,ST,风险警示板,20240506,20260715,534,0,ST东时
603378.SH,ST,风险警示板,20260506,20260715,50,0,*ST亚士
603388.SH,ST,风险警示板,20240430,20251204,389,0,*ST元成|ST元成
603389.SH,ST,风险警示板,20200429,20210512,250,9,*ST亚振
603389.SH,ST,风险警示板,20250506,20260630,281,0,*ST亚振
603398.SH,ST,风险警示板,20250506,20260715,292,0,*ST沐邦
603429.SH,ST,风险警示板,20260324,20260715,77,0,*ST集友
603517.SH,ST,风险警示板,20250923,20260715,193,0,ST绝味
603555.SH,ST,风险警示板,20200506,20220524,498,9,*ST贵人|ST贵人
603555.SH,ST,风险警示板,20230428,20240328,222,0,ST贵人
603557.SH,ST,风险警示板,20210430,20260715,1261,1,*ST起步|ST起步
603559.SH,ST,风险警示板,20230504,20260701,766,0,*ST通脉|ST通脉|XR*ST通
603580.SH,ST,风险警示板,20250430,20260630,282,0,*ST艾艾|XD*ST艾
603595.SH,ST,风险警示板,20251031,20260715,171,0,ST东尼
603603.SH,ST,风险警示板,20220506,20240326,461,1,*ST博天
603608.SH,ST,风险警示板,20240506,20250430,242,0,*ST天创
603718.SH,ST,风险警示板,20260506,20260715,50,0,*ST海利
603721.SH,ST,风险警示板,20250506,20260601,261,0,*ST天择|XD*ST天
603729.SH,ST,风险警示板,20210506,20220530,259,0,ST龙韵
603729.SH,ST,风险警示板,20260430,20260715,51,0,ST龙韵
603779.SH,ST,风险警示板,20191125,20210809,416,15,ST威龙
603789.SH,ST,风险警示板,20250506,20260715,292,0,*ST星农|ST星农
603810.SH,ST,风险警示板,20190716,20191113,81,2,ST丰山
603813.SH,ST,风险警示板,20250430,20260615,272,0,*ST原尚
603822.SH,ST,风险警示板,20251211,20260715,142,0,ST嘉澳|XDST嘉澳
603825.SH,ST,风险警示板,20250826,20260715,213,0,ST华扬
603828.SH,ST,风险警示板,20240506,20260715,534,0,*ST利达|ST柯利达
603838.SH,ST,风险警示板,20250430,20260715,293,0,*ST四通
603843.SH,ST,风险警示板,20250506,20260715,292,0,*ST正平
603863.SH,ST,风险警示板,20210506,20220418,232,0,ST松炀
603869.SH,ST,风险警示板,20240506,20260715,534,0,ST智知|XDST智知
603879.SH,ST,风险警示板,20240506,20250430,242,0,ST永悦
603880.SH,ST,风险警示板,20230504,20240625,278,0,ST南卫
603922.SH,ST,风险警示板,20260430,20260715,51,0,ST金鸿顺
603959.SH,ST,风险警示板,20240506,20250714,291,0,ST百利
603959.SH,ST,风险警示板,20260428,20260715,53,0,ST百利
603963.SH,ST,风险警示板,20240429,20250320,216,0,*ST大药
603996.SH,ST,风险警示板,20190529,20220421,705,17,*ST中新|ST中新
605081.SH,ST,风险警示板,20250429,20260605,267,0,*ST太和
605199.SH,ST,风险警示板,20250430,20260715,293,0,ST葫芦娃
605336.SH,ST,风险警示板,20260423,20260715,56,0,*ST帅电
688022.SH,ST,风险警示板,20260506,20260715,50,0,ST瀚川
688033.SH,ST,风险警示板,20260506,20260715,50,0,*ST天宜
688053.SH,ST,风险警示板,20250923,20260715,193,0,ST思科瑞
688066.SH,ST,风险警示板,20260506,20260715,50,0,*ST航图
688076.SH,ST,风险警示板,20250722,20260715,238,0,ST诺泰|XDST诺泰
688086.SH,ST,风险警示板,20220506,20230607,267,1,*ST紫晶
688121.SH,ST,风险警示板,20260707,20260715,7,0,*ST卓然
688184.SH,ST,风险警示板,20250506,20260715,292,0,ST帕瓦
688189.SH,ST,风险警示板,20260611,20260715,24,0,ST南新
688201.SH,ST,风险警示板,20260429,20260715,52,0,ST信安|XDST信安
688270.SH,ST,风险警示板,20260421,20260715,58,0,ST臻镭|XRST臻镭
688272.SH,ST,风险警示板,20230427,20240607,269,0,*ST富吉
688282.SH,ST,风险警示板,20240506,20250430,242,0,*ST导航
688287.SH,ST,风险警示板,20241104,20260518,371,0,*ST观典|ST观典
688309.SH,ST,风险警示板,20220428,20230505,247,1,*ST恒誉
688496.SH,ST,风险警示板,20260430,20260715,51,0,*ST清越|ST清越
688500.SH,ST,风险警示板,20230505,20240607,266,0,*ST慧辰
688511.SH,ST,风险警示板,20250506,20260420,234,0,*ST天微|DR*ST天
688555.SH,ST,风险警示板,20221122,20230607,132,1,*ST泽达
688622.SH,ST,风险警示板,20260430,20260715,51,0,*ST禾信
688646.SH,ST,风险警示板,20250506,20260715,292,0,ST逸飞
835305.BJ,ST,风险警示板,20250506,20250930,105,0,*ST云创
839680.BJ,ST,风险警示板,20250506,20250930,105,0,*ST广道
920023.BJ,ST,风险警示板,20260430,20260715,51,0,*ST田野
920090.BJ,ST,风险警示板,20260424,20260715,55,0,*ST同辉
920305.BJ,ST,风险警示板,20251009,20260708,182,0,*ST云创
920575.BJ,ST,风险警示板,20260506,20260715,50,0,*ST康乐
920680.BJ,ST,风险警示板,20251009,20251210,45,0,*ST广道
